A,C,G,T,AA,AC,AG,AT,CA,CC,CG,CT,GA,GC,GG,GT,TA,TC,TG,TT,AAA,AAC,AAG,AAT,ACA,ACC,ACG,ACT,AGA,AGC,AGG,AGT,ATA,ATC,ATG,ATT,CAA,CAC,CAG,CAT,CCA,CCC,CCG,CCT,CGA,CGC,CGG,CGT,CTA,CTC,CTG,CTT,GAA,GAC,GAG,GAT,GCA,GCC,GCG,GCT,GGA,GGC,GGG,GGT,GTA,GTC,GTG,GTT,TAA,TAC,TAG,TAT,TCA,TCC,TCG,TCT,TGA,TGC,TGG,TGT,TTA,TTC,TTG,TTT,A_AA,A_AC,A_AG,A_AT,A_CA,A_CC,A_CG,A_CT,A_GA,A_GC,A_GG,A_GT,A_TA,A_TC,A_TG,A_TT,C_AA,C_AC,C_AG,C_AT,C_CA,C_CC,C_CG,C_CT,C_GA,C_GC,C_GG,C_GT,C_TA,C_TC,C_TG,C_TT,G_AA,G_AC,G_AG,G_AT,G_CA,G_CC,G_CG,G_CT,G_GA,G_GC,G_GG,G_GT,G_TA,G_TC,G_TG,G_TT,T_AA,T_AC,T_AG,T_AT,T_CA,T_CC,T_CG,T_CT,T_GA,T_GC,T_GG,T_GT,T_TA,T_TC,T_TG,T_TT,A_AAA,A_AAC,A_AAG,A_AAT,A_ACA,A_ACC,A_ACG,A_ACT,A_AGA,A_AGC,A_AGG,A_AGT,A_ATA,A_ATC,A_ATG,A_ATT,A_CAA,A_CAC,A_CAG,A_CAT,A_CCA,A_CCC,A_CCG,A_CCT,A_CGA,A_CGC,A_CGG,A_CGT,A_CTA,A_CTC,A_CTG,A_CTT,A_GAA,A_GAC,A_GAG,A_GAT,A_GCA,A_GCC,A_GCG,A_GCT,A_GGA,A_GGC,A_GGG,A_GGT,A_GTA,A_GTC,A_GTG,A_GTT,A_TAA,A_TAC,A_TAG,A_TAT,A_TCA,A_TCC,A_TCG,A_TCT,A_TGA,A_TGC,A_TGG,A_TGT,A_TTA,A_TTC,A_TTG,A_TTT,C_AAA,C_AAC,C_AAG,C_AAT,C_ACA,C_ACC,C_ACG,C_ACT,C_AGA,C_AGC,C_AGG,C_AGT,C_ATA,C_ATC,C_ATG,C_ATT,C_CAA,C_CAC,C_CAG,C_CAT,C_CCA,C_CCC,C_CCG,C_CCT,C_CGA,C_CGC,C_CGG,C_CGT,C_CTA,C_CTC,C_CTG,C_CTT,C_GAA,C_GAC,C_GAG,C_GAT,C_GCA,C_GCC,C_GCG,C_GCT,C_GGA,C_GGC,C_GGG,C_GGT,C_GTA,C_GTC,C_GTG,C_GTT,C_TAA,C_TAC,C_TAG,C_TAT,C_TCA,C_TCC,C_TCG,C_TCT,C_TGA,C_TGC,C_TGG,C_TGT,C_TTA,C_TTC,C_TTG,C_TTT,G_AAA,G_AAC,G_AAG,G_AAT,G_ACA,G_ACC,G_ACG,G_ACT,G_AGA,G_AGC,G_AGG,G_AGT,G_ATA,G_ATC,G_ATG,G_ATT,G_CAA,G_CAC,G_CAG,G_CAT,G_CCA,G_CCC,G_CCG,G_CCT,G_CGA,G_CGC,G_CGG,G_CGT,G_CTA,G_CTC,G_CTG,G_CTT,G_GAA,G_GAC,G_GAG,G_GAT,G_GCA,G_GCC,G_GCG,G_GCT,G_GGA,G_GGC,G_GGG,G_GGT,G_GTA,G_GTC,G_GTG,G_GTT,G_TAA,G_TAC,G_TAG,G_TAT,G_TCA,G_TCC,G_TCG,G_TCT,G_TGA,G_TGC,G_TGG,G_TGT,G_TTA,G_TTC,G_TTG,G_TTT,T_AAA,T_AAC,T_AAG,T_AAT,T_ACA,T_ACC,T_ACG,T_ACT,T_AGA,T_AGC,T_AGG,T_AGT,T_ATA,T_ATC,T_ATG,T_ATT,T_CAA,T_CAC,T_CAG,T_CAT,T_CCA,T_CCC,T_CCG,T_CCT,T_CGA,T_CGC,T_CGG,T_CGT,T_CTA,T_CTC,T_CTG,T_CTT,T_GAA,T_GAC,T_GAG,T_GAT,T_GCA,T_GCC,T_GCG,T_GCT,T_GGA,T_GGC,T_GGG,T_GGT,T_GTA,T_GTC,T_GTG,T_GTT,T_TAA,T_TAC,T_TAG,T_TAT,T_TCA,T_TCC,T_TCG,T_TCT,T_TGA,T_TGC,T_TGG,T_TGT,T_TTA,T_TTC,T_TTG,T_TTT,maximum_ORF_length,minimum_ORF_length,std_ORF_length,average_ORF_length,cv_ORF_length,maximum_GC_content_ORF,minimum_GC_content_ORF,std_GC_content_ORF,average_GC_content_ORF,cv_GC_content_ORF,fickett_score-ORF,fickett_score-full-sequence,k1,k2,k3,k4,k5,average,median,maximum,minimum,peak,none_levated_peak,sample_standard_deviation,population_standard_deviation,percentile15,percentile25,percentile50,percentile75,amplitude,variance,interquartile_range,semi_interquartile_range,coefficient_of_variation,skewness,kurtosis,faverage,fmedian,fmaximum,fminimum,fpeak,fnone_levated_peak,fsample_standard_deviation,fpopulation_standard_deviation,fpercentile15,fpercentile25,fpercentile50,fpercentile75,famplitude,fvariance,finterquartile_range,fsemi_interquartile_range,fcoefficient_of_variation,fskewness,fkurtosis,k-tsallis12.3,k-tsallis22.3,k-tsallis32.3,k-tsallis42.3,k-tsallis52.3,repDNA-0,repDNA-1,repDNA-2,repDNA-3,repDNA-4,repDNA-5,repDNA-6,repDNA-7,repDNA-8,repDNA-9,repDNA-10,repDNA-11,repDNA-12,repDNA-13,repDNA-14,repDNA-15,repDNA-16,repDNA-17,repDNA-18,repDNA-19,repDNA-20,repDNA-21,repDNA-22,repDNA-23,repDNA-24,repDNA-25,repDNA-26,repDNA-27,repDNA-28,repDNA-29,repDNA-30,repDNA-31,repDNA-32,repDNA-33,repDNA-34,repDNA-35,repDNA-36,repDNA-37,repDNA-38,repDNA-39,repDNA-40,repDNA-41,repDNA-42,repDNA-43,repDNA-44,repDNA-45,repDNA-46,repDNA-47,repDNA-48,repDNA-49,repDNA-50,repDNA-51,repDNA-52,repDNA-53,repDNA-54,repDNA-55,repDNA-56,repDNA-57,repDNA-58,repDNA-59,repDNA-60,repDNA-61,repDNA-62,repDNA-63,repDNA-64,repDNA-65,repDNA-66,repDNA-67,repDNA-68,repDNA-69,repDNA-70,repDNA-71,repDNA-72,repDNA-73,repDNA-74,repDNA-75,repDNA-76,repDNA-77,repDNA-78,repDNA-79,repDNA-80,repDNA-81,repDNA-82,repDNA-83,repDNA-84,repDNA-85,repDNA-86,repDNA-87,repDNA-88,repDNA-89,repDNA-90,repDNA-91,repDNA-92,repDNA-93,repDNA-94,repDNA-95,repDNA-96,repDNA-97,repDNA-98,repDNA-99,repDNA-100,repDNA-101,repDNA-102,repDNA-103,repDNA-104,repDNA-105,repDNA-106,repDNA-107,repDNA-108,repDNA-109,repDNA-110,repDNA-111,repDNA-112,repDNA-113,repDNA-114,repDNA-115,repDNA-116,repDNA-117,repDNA-118,repDNA-119,repDNA-120,repDNA-121,repDNA-122,repDNA-123,repDNA-124,repDNA-125,repDNA-126,repDNA-127,repDNA-128,repDNA-129,repDNA-130,repDNA-131,repDNA-132,repDNA-133,repDNA-134,repDNA-135,repDNA-136,repDNA-137,repDNA-138,repDNA-139,repDNA-140,repDNA-141,repDNA-142,repDNA-143,repDNA-144,repDNA-145,repDNA-146,repDNA-147,repDNA-148,repDNA-149,repDNA-150,repDNA-151,repDNA-152,repDNA-153,repDNA-154,repDNA-155,repDNA-156,repDNA-157,repDNA-158,repDNA-159,repDNA-160,repDNA-161,repDNA-162,repDNA-163,repDNA-164,repDNA-165,repDNA-166,repDNA-167,repDNA-168,repDNA-169,repDNA-170,repDNA-171,repDNA-172,repDNA-173,repDNA-174,repDNA-175,repDNA-176,repDNA-177,repDNA-178,repDNA-179,repDNA-180,repDNA-181,repDNA-182,repDNA-183,repDNA-184,repDNA-185,repDNA-186,repDNA-187,repDNA-188,repDNA-189,repDNA-190,repDNA-191,repDNA-192,repDNA-193,repDNA-194,repDNA-195,repDNA-196,repDNA-197,repDNA-198,repDNA-199,repDNA-200,repDNA-201,repDNA-202,repDNA-203,repDNA-204,repDNA-205,repDNA-206,repDNA-207,repDNA-208,repDNA-209,repDNA-210,repDNA-211,repDNA-212,repDNA-213,repDNA-214,repDNA-215,repDNA-216,repDNA-217,repDNA-218,repDNA-219,repDNA-220,repDNA-221,repDNA-222,repDNA-223,repDNA-224,repDNA-225,repDNA-226,repDNA-227,repDNA-228,repDNA-229,repDNA-230,repDNA-231,repDNA-232,repDNA-233,repDNA-234,repDNA-235,repDNA-236,repDNA-237,repDNA-238,repDNA-239,repDNA-240,repDNA-241,repDNA-242,repDNA-243,repDNA-244,repDNA-245,repDNA-246,repDNA-247,repDNA-248,repDNA-249,repDNA-250,repDNA-251,repDNA-252,repDNA-253,repDNA-254,repDNA-255,repDNA-256,repDNA-257,repDNA-258,repDNA-259,repDNA-260,repDNA-261,repDNA-262,repDNA-263,repDNA-264,repDNA-265,repDNA-266,repDNA-267,repDNA-268,repDNA-269
0.7333333333333333,0.0,0.26666666666666666,0.0,0.5714285714285714,0.0,0.14285714285714285,0.0,0.0,0.0,0.0,0.0,0.21428571428571427,0.0,0.07142857142857142,0.0,0.0,0.0,0.0,0.0,0.38461538461538464,0.0,0.15384615384615385,0.0,0.0,0.0,0.0,0.0,0.15384615384615385,0.0,0.0,0.0,0.0,0.0,0.0,0.0,0.0,0.0,0.0,0.0,0.0,0.0,0.0,0.0,0.0,0.0,0.0,0.0,0.0,0.0,0.0,0.0,0.23076923076923078,0.0,0.0,0.0,0.0,0.0,0.0,0.0,0.07692307692307693,0.0,0.0,0.0,0.0,0.0,0.0,0.0,0.0,0.0,0.0,0.0,0.0,0.0,0.0,0.0,0.0,0.0,0.0,0.0,0.0,0.0,0.0,0.0,5,0,1,0,0,0,0,0,2,0,0,0,0,0,0,0,0,0,0,0,0,0,0,0,0,0,0,0,0,0,0,0,2,0,1,0,0,0,0,0,0,0,0,0,0,0,0,0,0,0,0,0,0,0,0,0,0,0,0,0,0,0,0,0,3,0,2,0,0,0,0,0,1,0,0,0,0,0,0,0,0,0,0,0,0,0,0,0,0,0,0,0,0,0,0,0,1,0,0,0,0,0,0,0,0,0,0,0,0,0,0,0,0,0,0,0,0,0,0,0,0,0,0,0,0,0,0,0,0,0,0,0,0,0,0,0,0,0,0,0,0,0,0,0,0,0,0,0,0,0,0,0,0,0,0,0,0,0,0,0,0,0,0,0,0,0,0,0,0,0,0,0,0,0,0,0,0,0,0,0,0,0,0,0,0,0,0,0,0,0,0,0,2,0,0,0,0,0,0,0,1,0,0,0,0,0,0,0,0,0,0,0,0,0,0,0,0,0,0,0,0,0,0,0,0,0,0,0,0,0,0,0,0,0,0,0,0,0,0,0,0,0,0,0,0,0,0,0,0,0,0,0,0,0,0,0,0,0,0,0,0,0,0,0,0,0,0,0,0,0,0,0,0,0,0,0,0,0,0,0,0,0,0,0,0,0,0,0,0,0,0,0,0,0,0,0,0,0,0,0,0,0,0,0,0,0,0,0,0,0,0,0,0,0,0,0,0,0,0,0,0,0,0,0,0,0,0,0,0,0,0.8369,0.36049,0.8366407419411673,1.6105772433316423,2.1339375660949167,2.584962500721156,2.845350936622437,14.999999999999996,5.182045875570824,137.0,1.1097501919298065,0.3333333333333334,1.2396386096256786,32.95451410656816,34.111162814706695,1.9999999999999996,1.9999999999999996,5.182045875570824,13.148658380435009,135.8902498080702,1163.5714285714287,11.148658380435009,5.5743291902175045,2.1969676071045448,0.8937732256661332,0.4447313333119376,29.999999999999996,20.7281835022833,98.0,4.439000767719226,0.16666666666666669,1.0101236115538237,26.381811916545832,27.307769694983982,8.000000000000002,8.000000000000002,20.7281835022833,52.594633521740036,93.56099923228078,745.7142857142854,44.594633521740036,22.297316760870018,0.8793937305515278,1.0543418921012444,0.4447313333119378,0.3555154676825301,0.5240873181399047,0.6345376095556297,0.6726541876909928,0.6966576971452233,,,,,,,,,,,,,,,,,,,,,,,,,,,,,,,,,,,,,,,,,,,,,,,,,,,,,,,,,,,,,,,,,,,,,,,,,,,,,,,,,,,,,,,,,,,,,,,,,,,,,,,,,,,,,,,,,,,,,,,,,,,,,,,,,,,,,,,,,,,,,,,,,,,,,,,,,,,,,,,,,,,,,,,,,,,,,,,,,,,,,,,,,,,,,,,,,,,,,,,,,,,,,,,,,,,,,,,,,,,,,,,,,,,,,,,,,,,,,,,,,,,,,,,,,,,,,,,,,,,,,,,,,,,,,,
0.5,0.0,0.5,0.0,0.0,0.0,0.0,0.0,0.0,0.0,0.0,0.0,1.0,0.0,0.0,0.0,0.0,0.0,0.0,0.0,,,,,,,,,,,,,,,,,,,,,,,,,,,,,,,,,,,,,,,,,,,,,,,,,,,,,,,,,,,,,,,,,0,0,0,0,0,0,0,0,0,0,0,0,0,0,0,0,0,0,0,0,0,0,0,0,0,0,0,0,0,0,0,0,0,0,0,0,0,0,0,0,0,0,0,0,0,0,0,0,0,0,0,0,0,0,0,0,0,0,0,0,0,0,0,0,0,0,0,0,0,0,0,0,0,0,0,0,0,0,0,0,0,0,0,0,0,0,0,0,0,0,0,0,0,0,0,0,0,0,0,0,0,0,0,0,0,0,0,0,0,0,0,0,0,0,0,0,0,0,0,0,0,0,0,0,0,0,0,0,0,0,0,0,0,0,0,0,0,0,0,0,0,0,0,0,0,0,0,0,0,0,0,0,0,0,0,0,0,0,0,0,0,0,0,0,0,0,0,0,0,0,0,0,0,0,0,0,0,0,0,0,0,0,0,0,0,0,0,0,0,0,0,0,0,0,0,0,0,0,0,0,0,0,0,0,0,0,0,0,0,0,0,0,0,0,0,0,0,0,0,0,0,0,0,0,0,0,0,0,0,0,0,0,0,0,0,0,0,0,0,0,0,0,0,0,0,0,0,0,0,0,0,0,0,0,0,0,0,0,0,0,0,0,0,0,0,0,0,0,0,0,0,0,0,0,0,0,0,0,0,0,0,0,0,0,0,0,0,0,0,0,0,0,0,0,0,0,0,0,0,0,0,0,0,0,0,0,0,0,0,0,0,0,0,0,0,0,0,0,0,0,0,0,0,0,0,0,0,0,0,0,0.3621,0.23321,1.0,,,,,2.0,2.0,2.0,2.0,0.3333333333333333,0.3333333333333333,0.0,0.0,2.0,2.0,2.0,2.0,0.0,0.0,0.0,0.0,0.0,nan,nan,4.000000000000001,4.000000000000001,8.000000000000002,0.0,0.16666666666666663,0.4714045207910316,4.000000000000001,5.6568542494923815,1.2000000000000002,2.0000000000000004,4.000000000000001,6.000000000000002,8.000000000000002,32.000000000000014,4.000000000000002,2.000000000000001,1.0,0.0,0.31250000000000006,0.45682600140144797,,,,,,,,,,,,,,,,,,,,,,,,,,,,,,,,,,,,,,,,,,,,,,,,,,,,,,,,,,,,,,,,,,,,,,,,,,,,,,,,,,,,,,,,,,,,,,,,,,,,,,,,,,,,,,,,,,,,,,,,,,,,,,,,,,,,,,,,,,,,,,,,,,,,,,,,,,,,,,,,,,,,,,,,,,,,,,,,,,,,,,,,,,,,,,,,,,,,,,,,,,,,,,,,,,,,,,,,,,,,,,,,,,,,,,,,,,,,,,,,,,,,,,,,,,,,,,,,,,,,,,,,,,,,,,,,,,
0.25,0.0,0.75,0.0,0.0,0.0,0.3333333333333333,0.0,0.0,0.0,0.0,0.0,0.3333333333333333,0.0,0.3333333333333333,0.0,0.0,0.0,0.0,0.0,,,,,,,,,,,,,,,,,,,,,,,,,,,,,,,,,,,,,,,,,,,,,,,,,,,,,,,,,,,,,,,,,0,0,0,0,0,0,0,0,0,0,0,0,0,0,0,0,0,0,0,0,0,0,0,0,0,0,0,0,0,0,0,0,0,0,0,0,0,0,0,0,0,0,0,0,0,0,0,0,0,0,0,0,0,0,0,0,0,0,0,0,0,0,0,0,0,0,0,0,0,0,0,0,0,0,0,0,0,0,0,0,0,0,0,0,0,0,0,0,0,0,0,0,0,0,0,0,0,0,0,0,0,0,0,0,0,0,0,0,0,0,0,0,0,0,0,0,0,0,0,0,0,0,0,0,0,0,0,0,0,0,0,0,0,0,0,0,0,0,0,0,0,0,0,0,0,0,0,0,0,0,0,0,0,0,0,0,0,0,0,0,0,0,0,0,0,0,0,0,0,0,0,0,0,0,0,0,0,0,0,0,0,0,0,0,0,0,0,0,0,0,0,0,0,0,0,0,0,0,0,0,0,0,0,0,0,0,0,0,0,0,0,0,0,0,0,0,0,0,0,0,0,0,0,0,0,0,0,0,0,0,0,0,0,0,0,0,0,0,0,0,0,0,0,0,0,0,0,0,0,0,0,0,0,0,0,0,0,0,0,0,0,0,0,0,0,0,0,0,0,0,0,0,0,0,0,0,0,0,0,0,0,0,0,0,0,0,0,0,0,0,0,0,0,0,0,0,0,0,0,0,0,0,0,0,0,0,0,0,0,0,0,0,0,0,0,0,0,0,0,0,0,0,0,0,0,0,0,0,0,0,0.6537,0.33554,0.8112781244591328,1.584962500721156,1.0,,,4.0,2.0,10.0,2.0,0.3333333333333333,0.5333333333333333,3.4641016151377544,4.0,2.0,2.0,2.0,4.0,8.0,16.0,2.0,1.0,0.8660254037844386,1.7320508075688774,0.17857142857142852,8.000000000000002,8.000000000000002,8.000000000000002,8.000000000000002,0.16666666666666663,0.4714045207910316,0.0,0.0,8.000000000000002,8.000000000000002,8.000000000000002,8.000000000000002,0.0,0.0,0.0,0.0,0.0,nan,nan,0.34059679100153545,0.5848145914551631,0.45682600140144797,,,,,,,,,,,,,,,,,,,,,,,,,,,,,,,,,,,,,,,,,,,,,,,,,,,,,,,,,,,,,,,,,,,,,,,,,,,,,,,,,,,,,,,,,,,,,,,,,,,,,,,,,,,,,,,,,,,,,,,,,,,,,,,,,,,,,,,,,,,,,,,,,,,,,,,,,,,,,,,,,,,,,,,,,,,,,,,,,,,,,,,,,,,,,,,,,,,,,,,,,,,,,,,,,,,,,,,,,,,,,,,,,,,,,,,,,,,,,,,,,,,,,,,,,,,,,,,,,,,,,,,,,,,,,,,,
0.25,0.0,0.75,0.0,0.0,0.0,0.3333333333333333,0.0,0.0,0.0,0.0,0.0,0.3333333333333333,0.0,0.3333333333333333,0.0,0.0,0.0,0.0,0.0,,,,,,,,,,,,,,,,,,,,,,,,,,,,,,,,,,,,,,,,,,,,,,,,,,,,,,,,,,,,,,,,,0,0,0,0,0,0,0,0,0,0,0,0,0,0,0,0,0,0,0,0,0,0,0,0,0,0,0,0,0,0,0,0,0,0,0,0,0,0,0,0,0,0,0,0,0,0,0,0,0,0,0,0,0,0,0,0,0,0,0,0,0,0,0,0,0,0,0,0,0,0,0,0,0,0,0,0,0,0,0,0,0,0,0,0,0,0,0,0,0,0,0,0,0,0,0,0,0,0,0,0,0,0,0,0,0,0,0,0,0,0,0,0,0,0,0,0,0,0,0,0,0,0,0,0,0,0,0,0,0,0,0,0,0,0,0,0,0,0,0,0,0,0,0,0,0,0,0,0,0,0,0,0,0,0,0,0,0,0,0,0,0,0,0,0,0,0,0,0,0,0,0,0,0,0,0,0,0,0,0,0,0,0,0,0,0,0,0,0,0,0,0,0,0,0,0,0,0,0,0,0,0,0,0,0,0,0,0,0,0,0,0,0,0,0,0,0,0,0,0,0,0,0,0,0,0,0,0,0,0,0,0,0,0,0,0,0,0,0,0,0,0,0,0,0,0,0,0,0,0,0,0,0,0,0,0,0,0,0,0,0,0,0,0,0,0,0,0,0,0,0,0,0,0,0,0,0,0,0,0,0,0,0,0,0,0,0,0,0,0,0,0,0,0,0,0,0,0,0,0,0,0,0,0,0,0,0,0,0,0,0,0,0,0,0,0,0,0,0,0,0,0,0,0,0,0,0,0,0,0,0,0.6537,0.33554,0.8112781244591328,1.584962500721156,1.0,,,4.0,2.0,10.0,2.0,0.3333333333333333,0.5333333333333333,3.4641016151377544,4.0,2.0,2.0,2.0,4.0,8.0,16.0,2.0,1.0,0.8660254037844386,1.7320508075688774,0.17857142857142852,8.000000000000002,8.000000000000002,8.000000000000002,8.000000000000002,0.16666666666666663,0.4714045207910316,0.0,0.0,8.000000000000002,8.000000000000002,8.000000000000002,8.000000000000002,0.0,0.0,0.0,0.0,0.0,nan,nan,0.34059679100153545,0.5848145914551631,0.45682600140144797,,,,,,,,,,,,,,,,,,,,,,,,,,,,,,,,,,,,,,,,,,,,,,,,,,,,,,,,,,,,,,,,,,,,,,,,,,,,,,,,,,,,,,,,,,,,,,,,,,,,,,,,,,,,,,,,,,,,,,,,,,,,,,,,,,,,,,,,,,,,,,,,,,,,,,,,,,,,,,,,,,,,,,,,,,,,,,,,,,,,,,,,,,,,,,,,,,,,,,,,,,,,,,,,,,,,,,,,,,,,,,,,,,,,,,,,,,,,,,,,,,,,,,,,,,,,,,,,,,,,,,,,,,,,,,,,
0.2,0.0,0.6,0.2,0.0,0.0,0.25,0.0,0.0,0.0,0.0,0.0,0.0,0.0,0.25,0.25,0.25,0.0,0.0,0.0,,,,,,,,,,,,,,,,,,,,,,,,,,,,,,,,,,,,,,,,,,,,,,,,,,,,,,,,,,,,,,,,,0,0,0,0,0,0,0,0,0,0,0,0,0,0,0,0,0,0,0,0,0,0,0,0,0,0,0,0,0,0,0,0,0,0,0,0,0,0,0,0,0,0,0,0,1,0,0,0,0,0,0,0,0,0,0,0,0,0,0,0,0,0,0,0,0,0,0,0,0,0,0,0,0,0,0,0,0,0,0,0,0,0,0,0,0,0,0,0,0,0,0,0,0,0,0,0,0,0,0,0,0,0,0,0,0,0,0,0,0,0,0,0,0,0,0,0,0,0,0,0,0,0,0,0,0,0,0,0,0,0,0,0,0,0,0,0,0,0,0,0,0,0,0,0,0,0,0,0,0,0,0,0,0,0,0,0,0,0,0,0,0,0,0,0,0,0,0,0,0,0,0,0,0,0,0,0,0,0,0,0,0,0,0,0,0,0,0,0,0,0,0,0,0,0,0,0,0,0,0,0,0,0,0,0,0,0,0,0,0,0,0,0,0,0,0,0,0,0,0,0,0,0,0,0,0,0,0,0,0,0,0,0,0,0,0,0,0,0,0,0,0,0,0,0,0,0,0,0,0,0,0,0,0,0,0,0,0,0,0,0,0,0,0,0,0,0,0,0,0,0,0,0,0,0,0,0,0,0,0,0,0,0,0,0,0,0,0,0,0,0,0,0,0,0,0,0,0,0,0,0,0,0,0,0,0,0,0,0,0,0,0,0,0,0,0,0,0,0,0,0,0,0,0,0,0,0,0,0,0,0,0.6822,0.33296000000000003,1.3709505944546687,2.0,1.584962500721156,1.0,,5.0,4.618033988749895,11.0,2.381966011250105,0.33333333333333337,0.4769498906599788,3.1622776601683795,3.5355339059327378,2.381966011250105,2.381966011250105,4.618033988749895,4.618033988749895,8.618033988749895,12.5,2.23606797749979,1.118033988749895,0.6324555320336759,0.36236477529594935,0.18433443535811947,10.000000000000002,10.000000000000002,22.080588085360812,0.8255820266606354,0.16666666666666666,0.5712373536319989,6.9282032302755105,7.745966692414836,4.448443105447264,6.863683824638351,10.000000000000002,10.230146063340207,21.255006058700175,60.00000000000003,3.366462238701856,1.683231119350928,0.6928203230275509,0.0,0.11938157739041902,0.49368238370963474,0.6423550085795294,0.5848145914551631,0.45682600140144797,,,,,,,,,,,,,,,,,,,,,,,,,,,,,,,,,,,,,,,,,,,,,,,,,,,,,,,,,,,,,,,,,,,,,,,,,,,,,,,,,,,,,,,,,,,,,,,,,,,,,,,,,,,,,,,,,,,,,,,,,,,,,,,,,,,,,,,,,,,,,,,,,,,,,,,,,,,,,,,,,,,,,,,,,,,,,,,,,,,,,,,,,,,,,,,,,,,,,,,,,,,,,,,,,,,,,,,,,,,,,,,,,,,,,,,,,,,,,,,,,,,,,,,,,,,,,,,,,,,,,,,,,,,,,,,
0.25,0.0,0.75,0.0,0.0,0.0,0.3333333333333333,0.0,0.0,0.0,0.0,0.0,0.3333333333333333,0.0,0.3333333333333333,0.0,0.0,0.0,0.0,0.0,,,,,,,,,,,,,,,,,,,,,,,,,,,,,,,,,,,,,,,,,,,,,,,,,,,,,,,,,,,,,,,,,0,0,0,0,0,0,0,0,0,0,0,0,0,0,0,0,0,0,0,0,0,0,0,0,0,0,0,0,0,0,0,0,0,0,0,0,0,0,0,0,0,0,0,0,0,0,0,0,0,0,0,0,0,0,0,0,0,0,0,0,0,0,0,0,0,0,0,0,0,0,0,0,0,0,0,0,0,0,0,0,0,0,0,0,0,0,0,0,0,0,0,0,0,0,0,0,0,0,0,0,0,0,0,0,0,0,0,0,0,0,0,0,0,0,0,0,0,0,0,0,0,0,0,0,0,0,0,0,0,0,0,0,0,0,0,0,0,0,0,0,0,0,0,0,0,0,0,0,0,0,0,0,0,0,0,0,0,0,0,0,0,0,0,0,0,0,0,0,0,0,0,0,0,0,0,0,0,0,0,0,0,0,0,0,0,0,0,0,0,0,0,0,0,0,0,0,0,0,0,0,0,0,0,0,0,0,0,0,0,0,0,0,0,0,0,0,0,0,0,0,0,0,0,0,0,0,0,0,0,0,0,0,0,0,0,0,0,0,0,0,0,0,0,0,0,0,0,0,0,0,0,0,0,0,0,0,0,0,0,0,0,0,0,0,0,0,0,0,0,0,0,0,0,0,0,0,0,0,0,0,0,0,0,0,0,0,0,0,0,0,0,0,0,0,0,0,0,0,0,0,0,0,0,0,0,0,0,0,0,0,0,0,0,0,0,0,0,0,0,0,0,0,0,0,0,0,0,0,0,0,0.6537,0.33554,0.8112781244591328,1.584962500721156,1.0,,,4.0,2.0,10.0,2.0,0.3333333333333333,0.5333333333333333,3.4641016151377544,4.0,2.0,2.0,2.0,4.0,8.0,16.0,2.0,1.0,0.8660254037844386,1.7320508075688774,0.17857142857142852,8.000000000000002,8.000000000000002,8.000000000000002,8.000000000000002,0.16666666666666663,0.4714045207910316,0.0,0.0,8.000000000000002,8.000000000000002,8.000000000000002,8.000000000000002,0.0,0.0,0.0,0.0,0.0,nan,nan,0.34059679100153545,0.5848145914551631,0.45682600140144797,,,,,,,,,,,,,,,,,,,,,,,,,,,,,,,,,,,,,,,,,,,,,,,,,,,,,,,,,,,,,,,,,,,,,,,,,,,,,,,,,,,,,,,,,,,,,,,,,,,,,,,,,,,,,,,,,,,,,,,,,,,,,,,,,,,,,,,,,,,,,,,,,,,,,,,,,,,,,,,,,,,,,,,,,,,,,,,,,,,,,,,,,,,,,,,,,,,,,,,,,,,,,,,,,,,,,,,,,,,,,,,,,,,,,,,,,,,,,,,,,,,,,,,,,,,,,,,,,,,,,,,,,,,,,,,,
0.4,0.0,0.6,0.0,0.0,0.0,0.5,0.0,0.0,0.0,0.0,0.0,0.5,0.0,0.0,0.0,0.0,0.0,0.0,0.0,,,,,,,,,,,,,,,,,,,,,,,,,,,,,,,,,,,,,,,,,,,,,,,,,,,,,,,,,,,,,,,,,0,0,0,0,0,0,0,0,0,0,0,0,0,0,0,0,0,0,0,0,0,0,0,0,0,0,0,0,0,0,0,0,0,0,0,0,0,0,0,0,1,0,0,0,0,0,0,0,0,0,0,0,0,0,0,0,0,0,0,0,0,0,0,0,0,0,0,0,0,0,0,0,0,0,0,0,0,0,0,0,0,0,0,0,0,0,0,0,0,0,0,0,0,0,0,0,0,0,0,0,0,0,0,0,0,0,0,0,0,0,0,0,0,0,0,0,0,0,0,0,0,0,0,0,0,0,0,0,0,0,0,0,0,0,0,0,0,0,0,0,0,0,0,0,0,0,0,0,0,0,0,0,0,0,0,0,0,0,0,0,0,0,0,0,0,0,0,0,0,0,0,0,0,0,0,0,0,0,0,0,0,0,0,0,0,0,0,0,0,0,0,0,0,0,0,0,0,0,0,0,0,0,0,0,0,0,0,0,0,0,0,0,0,0,0,0,0,0,0,0,0,0,0,0,0,0,0,0,0,0,0,0,0,0,0,0,0,0,0,0,0,0,0,0,0,0,0,0,0,0,0,0,0,0,0,0,0,0,0,0,0,0,0,0,0,0,0,0,0,0,0,0,0,0,0,0,0,0,0,0,0,0,0,0,0,0,0,0,0,0,0,0,0,0,0,0,0,0,0,0,0,0,0,0,0,0,0,0,0,0,0,0,0,0,0,0,0,0,0,0,0,0,0,0,0,0,0,0,0,0,0.3621,0.23321,0.9709505944546686,1.0,0.9182958340544896,1.0,,5.0,5.236067977499789,13.0,0.7639320225002102,0.33333333333333337,0.5976169560604786,4.47213595499958,5.0,0.7639320225002102,0.7639320225002102,5.236067977499789,5.236067977499789,12.23606797749979,25.0,4.472135954999579,2.2360679774997894,0.894427190999916,-0.15835921350012566,0.24490106354957009,9.999999999999998,3.055728090000841,20.944271909999156,2.0000000000000004,0.1666666666666667,0.5925578627795582,8.944271909999157,9.999999999999998,2.6334368540005046,3.055728090000841,3.055728090000841,20.944271909999156,18.944271909999156,99.99999999999997,17.888543819998315,8.944271909999157,0.8944271909999159,2.329179606750063,0.48290040182123384,0.4381573545930354,0.45682600140144797,0.4050347806404199,0.45682600140144797,,,,,,,,,,,,,,,,,,,,,,,,,,,,,,,,,,,,,,,,,,,,,,,,,,,,,,,,,,,,,,,,,,,,,,,,,,,,,,,,,,,,,,,,,,,,,,,,,,,,,,,,,,,,,,,,,,,,,,,,,,,,,,,,,,,,,,,,,,,,,,,,,,,,,,,,,,,,,,,,,,,,,,,,,,,,,,,,,,,,,,,,,,,,,,,,,,,,,,,,,,,,,,,,,,,,,,,,,,,,,,,,,,,,,,,,,,,,,,,,,,,,,,,,,,,,,,,,,,,,,,,,,,,,,,,
0.3333333333333333,0.0,0.6666666666666666,0.0,0.0,0.0,0.5,0.0,0.0,0.0,0.0,0.0,0.5,0.0,0.0,0.0,0.0,0.0,0.0,0.0,,,,,,,,,,,,,,,,,,,,,,,,,,,,,,,,,,,,,,,,,,,,,,,,,,,,,,,,,,,,,,,,,0,0,0,0,0,0,0,0,0,0,0,0,0,0,0,0,0,0,0,0,0,0,0,0,0,0,0,0,0,0,0,0,0,0,0,0,0,0,0,0,0,0,0,0,0,0,0,0,0,0,0,0,0,0,0,0,0,0,0,0,0,0,0,0,0,0,0,0,0,0,0,0,0,0,0,0,0,0,0,0,0,0,0,0,0,0,0,0,0,0,0,0,0,0,0,0,0,0,0,0,0,0,0,0,0,0,0,0,0,0,0,0,0,0,0,0,0,0,0,0,0,0,0,0,0,0,0,0,0,0,0,0,0,0,0,0,0,0,0,0,0,0,0,0,0,0,0,0,0,0,0,0,0,0,0,0,0,0,0,0,0,0,0,0,0,0,0,0,0,0,0,0,0,0,0,0,0,0,0,0,0,0,0,0,0,0,0,0,0,0,0,0,0,0,0,0,0,0,0,0,0,0,0,0,0,0,0,0,0,0,0,0,0,0,0,0,0,0,0,0,0,0,0,0,0,0,0,0,0,0,0,0,0,0,0,0,0,0,0,0,0,0,0,0,0,0,0,0,0,0,0,0,0,0,0,0,0,0,0,0,0,0,0,0,0,0,0,0,0,0,0,0,0,0,0,0,0,0,0,0,0,0,0,0,0,0,0,0,0,0,0,0,0,0,0,0,0,0,0,0,0,0,0,0,0,0,0,0,0,0,0,0,0,0,0,0,0,0,0,0,0,0,0,0,0,0,0,0,0,0,0.3621,0.23321,0.9182958340544896,1.0,,,,3.0,2.0,5.0,2.0,0.3333333333333333,0.42857142857142855,1.4142135623730951,1.7320508075688772,2.0,2.0,2.0,3.5,3.0,3.0,1.5,0.75,0.47140452079103173,2.1213203435596424,0.31249999999999994,5.999999999999999,7.999999999999998,7.999999999999998,2.0000000000000004,0.16666666666666669,0.42426406871192857,2.828427124746189,3.4641016151377535,3.8,4.999999999999999,7.999999999999998,7.999999999999998,5.999999999999998,11.999999999999991,2.999999999999999,1.4999999999999996,0.47140452079103157,-2.1213203435596424,0.31250000000000006,0.4050347806404199,0.45682600140144797,,,,,,,,,,,,,,,,,,,,,,,,,,,,,,,,,,,,,,,,,,,,,,,,,,,,,,,,,,,,,,,,,,,,,,,,,,,,,,,,,,,,,,,,,,,,,,,,,,,,,,,,,,,,,,,,,,,,,,,,,,,,,,,,,,,,,,,,,,,,,,,,,,,,,,,,,,,,,,,,,,,,,,,,,,,,,,,,,,,,,,,,,,,,,,,,,,,,,,,,,,,,,,,,,,,,,,,,,,,,,,,,,,,,,,,,,,,,,,,,,,,,,,,,,,,,,,,,,,,,,,,,,,,,,,,,,
0.2727272727272727,0.21212121212121213,0.24242424242424243,0.2727272727272727,0.09375,0.09375,0.0625,0.03125,0.0625,0.0,0.0,0.15625,0.0625,0.09375,0.09375,0.0,0.03125,0.03125,0.09375,0.09375,,,,,,,,,,,,,,,,,,,,,,,,,,,,,,,,,,,,,,,,,,,,,,,,,,,,,,,,,,,,,,,,,0,1,0,0,1,0,0,3,0,1,0,0,0,0,1,1,0,0,0,0,0,0,0,1,0,1,1,0,1,0,2,0,1,0,2,1,0,0,0,0,1,0,0,0,0,1,0,1,1,1,0,0,1,0,0,0,1,1,2,0,0,0,0,1,0,0,0,0,0,0,0,1,0,0,0,0,0,0,0,0,0,1,0,0,0,0,0,0,0,0,0,0,0,0,1,2,0,0,0,0,0,0,0,0,0,0,0,0,0,0,0,0,0,0,0,0,0,0,0,0,0,0,1,0,0,0,1,0,0,0,0,0,0,0,0,0,0,0,0,0,0,0,0,0,0,0,0,0,0,0,0,0,0,0,0,0,0,0,0,1,0,0,0,0,0,0,0,1,0,0,1,0,0,0,0,0,1,0,0,0,0,0,0,0,0,1,1,0,0,0,0,0,0,0,1,0,0,0,0,0,0,2,0,0,0,1,0,0,0,0,0,0,0,0,0,0,0,0,0,0,0,0,0,0,1,0,0,0,0,0,0,0,0,0,0,0,0,0,0,0,0,0,0,0,0,0,0,1,0,0,0,0,0,0,1,0,0,1,0,0,0,0,0,1,0,0,0,0,0,0,0,0,0,0,1,0,0,0,0,0,0,0,0,0,0,0,0,0,0,0,0,1,1,0,0,0,2,0,0,0,0,0,0,0,0,0,0,0,0,0,0,0,0,0,0,0,1,0,0,0,0,0,0,0,0,0,0,0,0,0,0.8690000000000001,0.34171,1.9925718623777007,3.5581573285181993,4.349199939349345,4.773557262275186,4.857980995127571,33.0,20.0,275.0,5.80154446325561,0.3333333333333333,1.1399229383089635,46.281745861624536,46.9993351016799,12.704473778079418,14.456855749231753,20.0,35.117495407161485,269.1984555367444,2208.9375,20.660639657929732,10.330319828964866,1.4024771473219557,0.8426648406178138,0.3607205053730355,66.0,53.08659632254267,249.55448789363135,0.18903129260519308,0.16666666666666666,1.5132608200524658,60.13318551349162,61.06553856308809,12.560444831514085,29.856406460551007,53.08659632254267,81.43004871639816,249.36545660102615,3728.999999999999,51.573642255847155,25.786821127923577,0.9111088714165396,0.644240126338894,0.21219026754535392,0.640449129268871,0.7338087237737652,0.7518066165082018,0.7581859989123367,0.7595716116686398,,,,,,,,,,,,,,,,,,,,,,,,,,,,,,,,,,,,,,,,,,,,,,,,,,,,,,,,,,,,,,,,,,,,,,,,,,,,,,,,,,,,,,,,,,,,,,,,,,,,,,,,,,,,,,,,,,,,,,,,,,,,,,,,,,,,,,,,,,,,,,,,,,,,,,,,,,,,,,,,,,,,,,,,,,,,,,,,,,,,,,,,,,,,,,,,,,,,,,,,,,,,,,,,,,,,,,,,,,,,,,,,,,,,,,,,,,,,,,,,,,,,,,,,,,,,,,,,,,,,,,,,,,,,,,
0.0,0.0,1.0,0.0,0.0,0.0,0.0,0.0,0.0,0.0,0.0,0.0,0.0,0.0,1.0,0.0,0.0,0.0,0.0,0.0,,,,,,,,,,,,,,,,,,,,,,,,,,,,,,,,,,,,,,,,,,,,,,,,,,,,,,,,,,,,,,,,,0,0,0,0,0,0,0,0,0,0,0,0,0,0,0,0,0,0,0,0,0,0,0,0,0,0,0,0,0,0,0,0,0,0,0,0,0,0,0,0,0,0,1,0,0,0,0,0,0,0,0,0,0,0,0,0,0,0,0,0,0,0,0,0,0,0,0,0,0,0,0,0,0,0,0,0,0,0,0,0,0,0,0,0,0,0,0,0,0,0,0,0,0,0,0,0,0,0,0,0,0,0,0,0,0,0,0,0,0,0,0,0,0,0,0,0,0,0,0,0,0,0,0,0,0,0,0,0,0,0,0,0,0,0,0,0,0,0,0,0,0,0,0,0,0,0,0,0,0,0,0,0,0,0,0,0,0,0,0,0,0,0,0,0,0,0,0,0,0,0,0,0,0,0,0,0,0,0,0,0,0,0,0,0,0,0,0,0,0,0,0,0,0,0,0,0,0,0,0,0,0,0,0,0,0,0,0,0,0,0,0,0,0,0,0,0,0,0,0,0,0,0,0,0,0,0,0,0,0,0,0,0,0,0,0,0,0,0,0,0,0,0,0,0,0,0,0,0,0,0,0,0,0,0,0,0,0,0,0,0,0,0,0,0,0,0,0,0,0,0,0,0,0,0,0,0,0,0,0,0,0,0,0,0,0,0,0,0,0,0,0,0,0,0,0,0,0,0,0,0,0,0,0,0,0,0,0,0,0,0,0,0,0,0,0,0,0,0,0,0,0,0,0,0,0,0,0,0,0,0,0.4204,0.21557,,,,,,5.0,0.0,25.0,0.0,0.33333333333333337,1.6666666666666667,10.0,11.180339887498949,0.0,0.0,0.0,0.0,25.0,125.0,0.0,0.0,2.0,1.5,0.0,10.000000000000002,0.0,50.00000000000001,0.0,0.16666666666666666,1.1785113019775793,20.000000000000004,22.3606797749979,0.0,0.0,0.0,0.0,50.00000000000001,500.00000000000017,0.0,0.0,2.0,1.5,0.0,,,,,,,,,,,,,,,,,,,,,,,,,,,,,,,,,,,,,,,,,,,,,,,,,,,,,,,,,,,,,,,,,,,,,,,,,,,,,,,,,,,,,,,,,,,,,,,,,,,,,,,,,,,,,,,,,,,,,,,,,,,,,,,,,,,,,,,,,,,,,,,,,,,,,,,,,,,,,,,,,,,,,,,,,,,,,,,,,,,,,,,,,,,,,,,,,,,,,,,,,,,,,,,,,,,,,,,,,,,,,,,,,,,,,,,,,,,,,,,,,,,,,,,,,,,,,,,,,,,,,,,,,,,,,,,,,,,
0.1780821917808219,0.2328767123287671,0.2876712328767123,0.3013698630136986,0.013888888888888888,0.013888888888888888,0.08333333333333333,0.06944444444444445,0.05555555555555555,0.09722222222222222,0.027777777777777776,0.041666666666666664,0.05555555555555555,0.05555555555555555,0.06944444444444445,0.1111111111111111,0.05555555555555555,0.06944444444444445,0.09722222222222222,0.08333333333333333,0.0,0.0,0.0,0.014084507042253521,0.0,0.014084507042253521,0.0,0.0,0.014084507042253521,0.04225352112676056,0.0,0.028169014084507043,0.014084507042253521,0.014084507042253521,0.0,0.04225352112676056,0.0,0.014084507042253521,0.028169014084507043,0.014084507042253521,0.04225352112676056,0.028169014084507043,0.0,0.014084507042253521,0.014084507042253521,0.0,0.0,0.014084507042253521,0.014084507042253521,0.014084507042253521,0.014084507042253521,0.0,0.014084507042253521,0.0,0.014084507042253521,0.028169014084507043,0.0,0.028169014084507043,0.0,0.028169014084507043,0.014084507042253521,0.014084507042253521,0.014084507042253521,0.028169014084507043,0.014084507042253521,0.014084507042253521,0.04225352112676056,0.04225352112676056,0.0,0.0,0.04225352112676056,0.014084507042253521,0.014084507042253521,0.028169014084507043,0.028169014084507043,0.0,0.014084507042253521,0.0,0.056338028169014086,0.028169014084507043,0.014084507042253521,0.028169014084507043,0.04225352112676056,0.0,0,0,2,0,0,3,0,1,0,0,0,0,1,2,1,2,1,1,1,2,2,0,0,1,0,0,1,2,0,0,2,1,0,0,1,2,1,1,1,1,1,1,2,1,2,2,2,3,0,0,2,1,1,2,1,0,3,3,2,4,1,1,1,0,0,0,0,0,0,0,0,0,0,2,0,0,0,0,0,0,0,0,0,0,1,2,0,0,0,0,0,0,0,1,0,0,0,0,0,0,0,0,0,0,0,0,0,0,0,0,0,0,0,0,1,0,0,2,0,0,0,0,0,1,0,0,2,0,0,0,0,1,0,0,0,0,0,0,0,1,1,0,0,1,0,0,1,1,0,0,0,0,0,0,0,0,0,0,1,0,0,0,0,0,0,0,0,0,1,0,0,0,0,0,0,2,0,0,0,0,0,0,0,0,0,0,2,0,1,0,0,0,0,0,0,0,0,0,0,0,1,0,0,0,0,1,0,1,0,1,0,0,0,0,0,1,0,0,0,1,1,0,0,0,0,0,0,1,0,1,0,0,0,1,1,0,0,0,0,1,0,0,1,1,1,0,1,0,0,0,1,1,0,2,1,0,0,0,0,0,0,0,0,0,0,1,0,1,0,0,0,1,0,0,1,0,2,0,0,0,1,0,0,0,0,0,0,0,1,0,1,1,0,1,0,2,0,0,0,2,1,1,2,0,0,0,1,0,0,0,1,0,1,0,0,0,0,0,0,0,0,0,0,0,0,0,0,0,0,0,1.0842,0.40816,1.9714855708599561,3.8378926702904477,5.258420182671661,5.900711588373542,6.050553442285411,73.0,46.68830760611741,1383.0,5.33176056708281,0.3333333333333333,1.7435632636982559,157.9303644015298,159.02332114085237,27.569748965629888,33.29540755284045,46.68830760611741,70.13430240499909,1377.6682394329173,25288.416666666668,36.83889485215864,18.41944742607932,2.1634296493360248,0.499809377891128,0.23695886329440805,146.00000000000003,99.92782374308423,738.2681350616965,2.3696495218609654,0.16666666666666663,2.268619571291676,154.71263684650975,155.78332530936822,34.281836033068444,45.246861848986164,99.92782374308423,172.99335441127624,735.8984855398355,24268.444444444445,127.74649256229009,63.87324628114504,1.0596755948391077,0.8933758197649483,0.2139727499879726,0.6351946532027563,0.7422325261109354,0.7611592852827065,0.7651319164414154,0.7658353715898868,0.479,0.521,0.097,0.125,0.125,0.069,0.153,0.167,0.028,0.125,0.056,0.056,0.0,0.042,0.0,0.056,0.028,0.042,0.014,0.028,0.014,0.07,0.014,0.028,0.042,0.014,0.042,0.056,0.042,0.099,0.042,0.0,0.042,0.0,0.056,0.028,0.042,0.014,0.0,0.042,0.042,0.014,0.014,0.028,0.011,0.011,0.066,0.055,0.044,0.077,0.022,0.033,0.044,0.044,0.055,0.088,0.044,0.055,0.077,0.066,0.0815,0.07,0.0601,0.0,0.0,0.0,0.006,0.0,0.006,0.0,0.0,0.006,0.019,0.0,0.013,0.006,0.006,0.0,0.019,0.0,0.006,0.013,0.006,0.019,0.013,0.0,0.006,0.006,0.0,0.0,0.006,0.006,0.006,0.006,0.0,0.006,0.0,0.006,0.013,0.0,0.013,0.0,0.013,0.006,0.006,0.006,0.013,0.006,0.006,0.019,0.019,0.0,0.0,0.019,0.006,0.006,0.013,0.013,0.0,0.006,0.0,0.026,0.013,0.006,0.013,0.019,0.0,0.5396,0.015,0.015,0.09,0.075,0.06,0.104,0.03,0.045,0.06,0.06,0.075,0.119,0.06,0.075,0.104,0.09,-0.0034,-0.0087,-0.0041,0.0184,-0.0134,0.0092,0.0132,0.0044,0.0016,0.0193,-0.0229,-0.0068,-0.0109,0.0049,-0.0074,-0.0118,0.0184,-0.0108,0.0049,-0.0134,-0.0108,0.0184,0.0124,-0.0093,-0.0096,-0.0089,-0.0068,-0.0033,0.0117,0.0094,0.0063,0.0184,-0.0196,-0.013,-0.0097,-0.0153,-0.0114,-0.0143,0.0,0.0,0.0,0.013,0.0,0.013,0.0,0.0,0.013,0.04,0.0,0.027,0.013,0.013,0.0,0.04,0.0,0.013,0.027,0.013,0.04,0.027,0.0,0.013,0.013,0.0,0.0,0.013,0.013,0.013,0.013,0.0,0.013,0.0,0.013,0.027,0.0,0.027,0.0,0.027,0.013,0.013,0.013,0.027,0.013,0.013,0.04,0.04,0.0,0.0,0.04,0.013,0.013,0.027,0.027,0.0,0.013,0.0,0.053,0.027,0.013,0.027,0.04,0.0,-0.0034,0.0035,0.0212,0.016,0.0034,0.0034,0.001,-0.0036,-0.0027,-0.0027,0.0159,0.0157,0.0034,0.0003,0.0002,-0.0051,0.0002,0.0002,0.0078,0.0033,-0.0076,-0.0076,-0.0051,-0.0051
0.1643835616438356,0.2876712328767123,0.3424657534246575,0.2054794520547945,0.0,0.013888888888888888,0.09722222222222222,0.041666666666666664,0.06944444444444445,0.05555555555555555,0.06944444444444445,0.09722222222222222,0.05555555555555555,0.1527777777777778,0.1111111111111111,0.027777777777777776,0.041666666666666664,0.06944444444444445,0.05555555555555555,0.041666666666666664,0.0,0.0,0.0,0.0,0.0,0.0,0.014084507042253521,0.0,0.014084507042253521,0.056338028169014086,0.028169014084507043,0.0,0.028169014084507043,0.014084507042253521,0.0,0.0,0.0,0.014084507042253521,0.028169014084507043,0.014084507042253521,0.014084507042253521,0.014084507042253521,0.014084507042253521,0.014084507042253521,0.014084507042253521,0.04225352112676056,0.014084507042253521,0.0,0.014084507042253521,0.028169014084507043,0.04225352112676056,0.014084507042253521,0.0,0.0,0.04225352112676056,0.014084507042253521,0.04225352112676056,0.014084507042253521,0.028169014084507043,0.07042253521126761,0.028169014084507043,0.014084507042253521,0.04225352112676056,0.028169014084507043,0.0,0.014084507042253521,0.0,0.014084507042253521,0.0,0.0,0.028169014084507043,0.014084507042253521,0.014084507042253521,0.028169014084507043,0.014084507042253521,0.014084507042253521,0.0,0.04225352112676056,0.014084507042253521,0.0,0.0,0.014084507042253521,0.014084507042253521,0.014084507042253521,0,0,3,0,0,1,1,3,1,1,0,1,0,0,0,0,0,0,0,2,3,2,2,0,0,4,2,1,1,0,1,1,0,1,3,1,0,0,0,3,2,3,3,0,1,5,1,2,0,0,1,0,1,1,2,1,1,3,1,0,1,0,2,0,0,0,0,0,0,0,0,0,0,3,0,0,0,0,0,0,0,0,0,0,0,1,0,0,0,1,0,0,0,2,1,0,0,0,1,0,1,0,0,0,0,0,0,0,0,1,0,0,0,0,0,0,0,0,0,0,0,0,0,0,0,0,0,0,0,0,0,0,0,0,0,0,0,0,0,0,1,1,0,0,0,0,2,1,0,0,0,1,0,2,0,0,0,0,0,0,0,0,0,0,1,0,1,2,1,0,1,0,0,0,0,1,0,0,1,0,0,0,0,0,0,1,0,0,0,0,1,0,0,0,0,0,0,0,1,0,1,0,2,0,1,0,0,0,0,0,0,0,0,0,0,0,0,0,0,0,1,0,2,0,0,0,2,0,0,1,1,1,0,1,0,2,0,0,0,0,0,0,0,1,1,2,1,1,0,0,1,0,0,1,0,1,0,0,0,0,0,0,0,0,0,1,0,0,0,0,0,0,0,1,0,0,0,0,1,0,1,0,1,0,0,0,0,1,0,0,0,1,1,0,0,2,1,0,0,0,0,0,0,0,0,0,1,0,0,0,0,0,0,2,0,0,0,0,0,0,0,0,0,0,0,0,0,0,0,0,0.7339,0.33995999999999993,1.9438248388046238,3.719226381392068,5.218212394329783,5.889927481199779,6.021567935039033,73.00000000000003,50.26085427302182,1435.0,7.877003678600133,0.3333333333333332,1.7724677464549659,163.8596960817394,164.99368674790762,17.540158125861687,31.502360072742267,50.26085427302182,75.307293064312,1427.1229963213998,27222.916666666668,43.80493299156974,21.90246649578487,2.2446533709827308,0.41631614614313206,0.26358405266847845,145.99999999999997,85.43799529817217,846.8424506549275,0.8518695857451543,0.16666666666666669,2.35636777195671,163.75591592366976,164.88918837948245,19.968786881256328,24.916160326108354,85.43799529817217,209.4989303154331,845.9905810691823,27188.444444444445,184.58276998932476,92.29138499466238,1.121615862490889,1.1094928270571383,0.2971219761829965,0.6277151966658882,0.7370926264914337,0.7603031971729667,0.764971100989513,0.7657027033717331,0.37,0.63,0.042,0.042,0.194,0.042,0.125,0.167,0.069,0.125,0.153,0.042,0.014,0.014,0.014,0.0,0.0,0.028,0.014,0.0,0.028,0.127,0.042,0.042,0.028,0.014,0.014,0.014,0.07,0.028,0.056,0.028,0.028,0.07,0.042,0.07,0.014,0.014,0.085,0.028,0.056,0.0,0.0,0.014,0.0,0.011,0.079,0.034,0.056,0.045,0.056,0.079,0.045,0.123,0.09,0.022,0.034,0.056,0.045,0.034,0.0734,0.0496,0.0692,0.0,0.0,0.0,0.0,0.0,0.0,0.007,0.0,0.007,0.026,0.013,0.0,0.013,0.007,0.0,0.0,0.0,0.007,0.013,0.007,0.007,0.007,0.007,0.007,0.007,0.02,0.007,0.0,0.007,0.013,0.02,0.007,0.0,0.0,0.02,0.007,0.02,0.007,0.013,0.033,0.013,0.007,0.02,0.013,0.0,0.007,0.0,0.007,0.0,0.0,0.013,0.007,0.007,0.013,0.007,0.007,0.0,0.02,0.007,0.0,0.0,0.007,0.007,0.007,0.5338,0.0,0.013,0.09,0.039,0.064,0.052,0.064,0.09,0.052,0.142,0.103,0.026,0.039,0.064,0.052,0.039,-0.004,-0.01,-0.0158,0.0208,-0.006,0.0085,0.0198,0.0137,-0.0015,0.0189,-0.0189,-0.0109,0.0045,0.0139,0.0019,-0.0048,0.0208,-0.0141,0.0139,-0.006,-0.014,0.0208,0.017,-0.0009,-0.0032,0.0039,-0.0089,-0.0038,0.02,0.0124,0.0087,0.0208,-0.0117,-0.0042,0.0019,0.0028,-0.0101,-0.0245,0.0,0.0,0.0,0.0,0.0,0.0,0.012,0.0,0.012,0.048,0.024,0.0,0.024,0.012,0.0,0.0,0.0,0.012,0.024,0.012,0.012,0.012,0.012,0.012,0.012,0.036,0.012,0.0,0.012,0.024,0.036,0.012,0.0,0.0,0.036,0.012,0.036,0.012,0.024,0.06,0.024,0.012,0.036,0.024,0.0,0.012,0.0,0.012,0.0,0.0,0.024,0.012,0.012,0.024,0.012,0.012,0.0,0.036,0.012,0.0,0.0,0.012,0.012,0.012,0.0109,0.0107,0.0278,0.0133,0.0107,0.0107,0.0063,0.0107,0.0012,0.0012,0.0132,0.0131,0.0036,0.0031,0.011,-0.0044,0.003,0.003,0.0067,0.0036,-0.0044,-0.0044,-0.0044,-0.0043
0.20270270270270271,0.22972972972972974,0.33783783783783783,0.22972972972972974,0.0273972602739726,0.0273972602739726,0.1232876712328767,0.0136986301369863,0.0684931506849315,0.0684931506849315,0.0273972602739726,0.0684931506849315,0.0410958904109589,0.0684931506849315,0.1232876712328767,0.1095890410958904,0.0547945205479452,0.0684931506849315,0.0684931506849315,0.0410958904109589,0.0,0.0,0.027777777777777776,0.0,0.0,0.013888888888888888,0.0,0.013888888888888888,0.013888888888888888,0.027777777777777776,0.06944444444444445,0.013888888888888888,0.013888888888888888,0.0,0.0,0.0,0.013888888888888888,0.027777777777777776,0.027777777777777776,0.0,0.013888888888888888,0.027777777777777776,0.0,0.027777777777777776,0.0,0.013888888888888888,0.013888888888888888,0.0,0.013888888888888888,0.027777777777777776,0.013888888888888888,0.013888888888888888,0.0,0.0,0.027777777777777776,0.013888888888888888,0.013888888888888888,0.013888888888888888,0.013888888888888888,0.027777777777777776,0.0,0.027777777777777776,0.013888888888888888,0.08333333333333333,0.013888888888888888,0.027777777777777776,0.041666666666666664,0.027777777777777776,0.013888888888888888,0.0,0.027777777777777776,0.0,0.041666666666666664,0.013888888888888888,0.013888888888888888,0.0,0.027777777777777776,0.0,0.027777777777777776,0.013888888888888888,0.013888888888888888,0.013888888888888888,0.013888888888888888,0.0,1,0,1,0,0,1,1,1,0,2,2,3,0,2,0,0,0,1,1,0,3,2,0,2,1,0,2,1,0,0,2,0,0,1,1,0,0,2,1,2,1,2,3,1,2,3,3,3,1,0,5,1,2,0,0,0,1,1,1,3,1,0,0,0,0,0,1,0,0,0,0,0,0,1,0,0,0,0,0,0,0,0,0,0,0,1,0,0,0,1,0,0,0,1,0,0,0,0,0,0,0,1,0,1,0,0,1,1,0,2,1,0,0,0,0,0,1,1,0,0,0,0,0,0,0,0,0,0,0,0,0,0,0,0,0,1,0,0,0,1,0,0,0,0,0,1,2,0,0,1,0,1,0,0,0,0,0,1,1,0,0,0,0,1,0,0,0,0,0,1,0,1,0,0,1,0,0,0,0,0,0,0,0,0,1,0,0,1,0,0,0,0,0,0,0,0,0,1,0,0,0,1,0,0,0,0,0,0,0,0,0,0,1,0,0,1,0,0,1,0,0,0,0,1,0,0,1,0,1,0,1,0,0,0,0,3,0,0,1,0,1,0,1,0,2,0,1,0,1,0,2,0,1,1,1,0,0,0,1,0,0,0,0,0,1,0,4,0,1,0,0,0,1,1,0,0,0,0,0,0,0,0,0,0,0,0,0,0,0,0,1,0,0,0,0,1,0,0,0,1,1,0,0,2,0,0,1,0,0,0,0,0,0,0,0,0,0,0,0,0,0,0,0,0,0,0,0,0,0,0,0.4458,0.28286,1.970622280750471,3.8031633550867374,5.244519578066055,5.857424760319278,5.9864258740878284,73.99999999999999,48.270082012869736,1428.0,10.422882973283091,0.3333333333333334,1.7454804937227697,161.31955864060623,162.42072882081564,33.54952224536484,39.10717345228542,48.270082012869736,73.15297300672273,1417.577117026717,26380.49315068493,34.04579955443731,17.022899777218655,2.1799940356838685,0.4784897418009739,0.2010677607271989,148.00000000000006,122.87251027267949,404.67501457260465,1.1580925689814587,0.1666666666666666,2.2471086750899376,117.50744657254705,118.30955449553306,24.17419864712983,42.415563142096815,122.87251027267949,237.6170742471448,403.5169220036232,13997.150684931508,195.20151110504798,97.60075555252399,0.7939692335982906,0.6415122733130098,0.3089215455457843,0.6340244115245555,0.7397126751083057,0.7599332061327035,0.7648168914069279,0.7655169650582095,0.432,0.568,0.068,0.137,0.192,0.014,0.137,0.192,0.027,0.11,0.068,0.055,0.0,0.028,0.042,0.0,0.014,0.097,0.0,0.028,0.014,0.056,0.097,0.014,0.014,0.0,0.028,0.069,0.042,0.042,0.042,0.014,0.014,0.028,0.042,0.056,0.014,0.028,0.014,0.042,0.014,0.014,0.028,0.069,0.022,0.022,0.099,0.011,0.055,0.055,0.022,0.055,0.033,0.055,0.099,0.088,0.044,0.055,0.055,0.033,0.0713,0.0621,0.0621,0.0,0.0,0.014,0.0,0.0,0.007,0.0,0.007,0.007,0.014,0.034,0.007,0.007,0.0,0.0,0.0,0.007,0.014,0.014,0.0,0.007,0.014,0.0,0.014,0.0,0.007,0.007,0.0,0.007,0.014,0.007,0.007,0.0,0.0,0.014,0.007,0.007,0.007,0.007,0.014,0.0,0.014,0.007,0.041,0.007,0.014,0.02,0.014,0.007,0.0,0.014,0.0,0.02,0.007,0.007,0.0,0.014,0.0,0.014,0.007,0.007,0.007,0.007,0.0,0.5099,0.026,0.026,0.118,0.013,0.066,0.066,0.026,0.066,0.039,0.066,0.118,0.105,0.053,0.066,0.066,0.039,-0.0019,-0.0097,-0.0065,0.015,0.0009,0.002,0.0122,0.0063,0.003,0.0138,-0.0082,-0.0105,0.0035,0.0074,0.0069,0.0055,0.015,-0.007,0.0074,0.0009,-0.0069,0.015,0.0113,-0.0032,-0.0048,-0.0004,-0.0037,-0.0018,0.0117,0.0056,0.0014,0.015,-0.0123,-0.0063,-0.0041,-0.0063,-0.01,-0.0143,0.0,0.0,0.025,0.0,0.0,0.012,0.0,0.012,0.012,0.025,0.062,0.012,0.012,0.0,0.0,0.0,0.012,0.025,0.025,0.0,0.012,0.025,0.0,0.025,0.0,0.012,0.012,0.0,0.012,0.025,0.012,0.012,0.0,0.0,0.025,0.012,0.012,0.012,0.012,0.025,0.0,0.025,0.012,0.074,0.012,0.025,0.037,0.025,0.012,0.0,0.025,0.0,0.037,0.012,0.012,0.0,0.025,0.0,0.025,0.012,0.012,0.012,0.012,0.0,0.0038,0.0065,0.0212,0.0154,0.0064,0.0064,-0.0007,0.0037,-0.0069,-0.0069,0.0152,0.015,0.0009,0.0037,0.0106,0.001,0.0037,0.0037,0.001,0.0012,0.0,0.0,0.0008,0.001
0.2328767123287671,0.2191780821917808,0.2876712328767123,0.2602739726027397,0.027777777777777776,0.013888888888888888,0.09722222222222222,0.08333333333333333,0.05555555555555555,0.027777777777777776,0.09722222222222222,0.041666666666666664,0.05555555555555555,0.09722222222222222,0.05555555555555555,0.08333333333333333,0.09722222222222222,0.08333333333333333,0.027777777777777776,0.05555555555555555,0.0,0.0,0.014084507042253521,0.014084507042253521,0.0,0.0,0.0,0.014084507042253521,0.014084507042253521,0.04225352112676056,0.028169014084507043,0.014084507042253521,0.028169014084507043,0.014084507042253521,0.014084507042253521,0.028169014084507043,0.0,0.0,0.028169014084507043,0.014084507042253521,0.0,0.0,0.014084507042253521,0.014084507042253521,0.04225352112676056,0.014084507042253521,0.014084507042253521,0.028169014084507043,0.014084507042253521,0.028169014084507043,0.0,0.0,0.014084507042253521,0.014084507042253521,0.014084507042253521,0.014084507042253521,0.04225352112676056,0.014084507042253521,0.028169014084507043,0.014084507042253521,0.0,0.014084507042253521,0.0,0.04225352112676056,0.04225352112676056,0.014084507042253521,0.0,0.028169014084507043,0.014084507042253521,0.0,0.04225352112676056,0.04225352112676056,0.014084507042253521,0.014084507042253521,0.056338028169014086,0.0,0.0,0.014084507042253521,0.014084507042253521,0.0,0.014084507042253521,0.028169014084507043,0.014084507042253521,0.0,0,0,2,1,1,0,2,1,0,1,1,2,1,2,1,1,1,1,0,2,2,1,0,0,1,2,0,1,3,0,0,1,1,0,4,1,0,0,2,1,1,2,0,0,2,3,1,1,0,0,1,2,0,0,3,1,2,1,3,3,1,1,0,1,0,0,0,0,0,0,0,0,0,2,0,0,1,0,0,0,0,0,1,0,0,0,0,0,0,1,1,0,0,1,0,0,0,0,0,0,0,0,1,0,0,0,0,1,0,1,0,1,0,0,0,1,0,1,1,0,0,1,0,0,0,0,1,0,0,0,1,0,0,0,0,1,0,0,0,0,1,0,0,1,0,0,1,1,0,0,0,1,0,0,0,0,0,0,0,0,0,0,0,1,0,0,1,0,0,0,0,0,0,0,0,1,1,0,1,1,0,0,0,0,0,0,0,0,0,1,0,0,0,0,0,1,0,0,0,0,1,1,2,0,0,0,0,1,0,0,0,0,0,0,0,0,1,0,0,1,0,1,0,0,1,0,0,0,2,0,0,0,0,0,0,0,0,0,0,0,0,0,1,1,1,0,2,0,0,0,1,0,0,1,0,0,0,0,0,0,0,0,0,0,0,0,0,1,0,1,1,0,0,0,0,0,0,0,0,0,2,0,0,1,1,0,0,0,0,1,1,0,0,0,0,1,0,1,0,2,3,0,0,0,0,0,1,0,0,0,1,0,0,0,0,0,1,0,0,0,15,15,0.0,15.0,0.0,53.333333333333336,53.333333333333336,0.0,53.333333333333336,0.0,1.1634,0.41554,1.992068984427444,3.8381173579317953,5.314758210840675,5.9864258740878284,6.079538949531787,73.0,47.13510789427823,1347.0,5.938764438624491,0.3333333333333333,1.7596755379450366,153.39491516996253,154.45648434285806,23.582561962887905,32.133555942495434,47.13510789427823,79.89084902128977,1341.0612355613755,23856.805555555555,47.75729307879433,23.878646539397167,2.101300207807706,0.5058490774038366,0.28329629545266954,146.0,110.87507477312252,877.7795792004544,1.6725072552931814,0.16666666666666666,2.251748778113664,143.77760604489143,144.77261865114934,34.777144459396524,50.00000000000001,110.87507477312252,223.56973661334234,876.1070719451611,20959.11111111111,173.56973661334234,86.78486830667117,0.9847781235951467,0.7329011699341513,0.2741409818048649,0.6402494604496084,0.742019093675796,0.7614077447779176,0.7655169650582095,0.7659680398080405,0.493,0.507,0.083,0.097,0.139,0.083,0.083,0.083,0.097,0.139,0.097,0.097,0.0,0.028,0.014,0.042,0.0,0.042,0.028,0.028,0.014,0.056,0.042,0.07,0.028,0.028,0.014,0.0,0.028,0.014,0.0,0.028,0.099,0.042,0.056,0.042,0.042,0.028,0.056,0.028,0.014,0.042,0.028,0.014,0.021,0.011,0.075,0.064,0.043,0.021,0.075,0.032,0.043,0.075,0.043,0.064,0.075,0.064,0.021,0.043,0.094,0.0717,0.0629,0.0,0.0,0.006,0.006,0.0,0.0,0.0,0.006,0.006,0.017,0.012,0.006,0.012,0.006,0.006,0.012,0.0,0.0,0.012,0.006,0.0,0.0,0.006,0.006,0.017,0.006,0.006,0.012,0.006,0.012,0.0,0.0,0.006,0.006,0.006,0.006,0.017,0.006,0.012,0.006,0.0,0.006,0.0,0.017,0.017,0.006,0.0,0.012,0.006,0.0,0.017,0.017,0.006,0.006,0.023,0.0,0.0,0.006,0.006,0.0,0.006,0.012,0.006,0.0,0.5892,0.028,0.014,0.097,0.083,0.056,0.028,0.097,0.042,0.056,0.097,0.056,0.083,0.097,0.083,0.028,0.056,0.0019,-0.0102,-0.0105,0.0224,-0.0017,0.0028,0.0201,0.0073,0.0012,0.0153,-0.0225,-0.0141,-0.0,0.0091,-0.0085,-0.0136,0.0224,-0.0177,0.009,-0.0017,-0.0177,0.0224,0.0238,0.0004,-0.0063,-0.0026,-0.0075,0.0022,0.021,0.0159,0.011,0.0224,-0.0158,-0.0132,-0.0102,-0.0044,-0.0237,-0.0279,0.0,0.0,0.013,0.013,0.0,0.0,0.0,0.013,0.013,0.039,0.026,0.013,0.026,0.013,0.013,0.026,0.0,0.0,0.026,0.013,0.0,0.0,0.013,0.013,0.039,0.013,0.013,0.026,0.013,0.026,0.0,0.0,0.013,0.013,0.013,0.013,0.039,0.013,0.026,0.013,0.0,0.013,0.0,0.039,0.039,0.013,0.0,0.026,0.013,0.0,0.039,0.039,0.013,0.013,0.053,0.0,0.0,0.013,0.013,0.0,0.013,0.026,0.013,0.0,0.0007,0.001,0.0284,0.0157,0.0009,0.0009,0.0007,0.0005,0.004,0.004,0.0156,0.0157,-0.0045,-0.0,0.0034,0.0016,-0.0001,-0.0001,-0.0,-0.0044,-0.0101,-0.0101,0.0017,0.0016
0.14864864864864866,0.3108108108108108,0.36486486486486486,0.17567567567567569,0.0136986301369863,0.0,0.1095890410958904,0.0273972602739726,0.0410958904109589,0.0821917808219178,0.1095890410958904,0.0821917808219178,0.0684931506849315,0.136986301369863,0.0958904109589041,0.0547945205479452,0.0273972602739726,0.0958904109589041,0.0410958904109589,0.0136986301369863,0.0,0.0,0.0,0.013888888888888888,0.0,0.0,0.0,0.0,0.027777777777777776,0.041666666666666664,0.041666666666666664,0.0,0.013888888888888888,0.013888888888888888,0.0,0.0,0.0,0.0,0.041666666666666664,0.0,0.0,0.027777777777777776,0.027777777777777776,0.027777777777777776,0.013888888888888888,0.041666666666666664,0.027777777777777776,0.013888888888888888,0.0,0.041666666666666664,0.041666666666666664,0.0,0.013888888888888888,0.0,0.041666666666666664,0.013888888888888888,0.013888888888888888,0.027777777777777776,0.05555555555555555,0.041666666666666664,0.027777777777777776,0.027777777777777776,0.013888888888888888,0.027777777777777776,0.013888888888888888,0.027777777777777776,0.0,0.013888888888888888,0.0,0.0,0.027777777777777776,0.0,0.027777777777777776,0.027777777777777776,0.027777777777777776,0.013888888888888888,0.0,0.013888888888888888,0.013888888888888888,0.013888888888888888,0.0,0.013888888888888888,0.0,0.0,0,0,3,0,0,1,1,2,0,1,0,2,0,1,0,0,1,0,0,0,2,2,1,2,2,2,4,2,1,1,1,0,0,0,3,2,1,2,2,1,0,5,2,0,1,3,2,1,0,0,2,0,0,1,2,1,3,1,1,0,0,2,0,0,0,0,0,0,0,0,0,0,1,1,1,0,0,0,0,0,0,0,0,0,0,0,0,1,0,1,0,0,0,1,1,0,0,0,0,0,1,0,0,0,0,0,0,0,0,1,0,1,0,0,0,0,0,1,0,0,0,0,0,0,0,0,0,0,0,0,0,1,0,0,0,0,0,0,0,0,0,0,0,0,0,0,2,0,0,1,1,0,0,0,0,1,0,1,1,0,0,0,2,0,0,1,0,1,2,1,0,1,1,1,0,0,0,0,1,0,0,1,0,0,0,0,0,1,0,0,0,0,0,0,0,0,0,0,0,0,1,1,1,0,1,1,0,0,0,0,1,0,0,0,1,1,0,1,1,0,0,1,0,0,0,0,0,0,0,1,2,1,0,1,0,1,0,0,0,0,0,0,1,0,1,0,1,1,0,1,1,0,0,1,0,0,0,0,0,0,0,0,0,0,0,1,1,0,0,0,0,0,0,0,0,0,0,1,0,0,1,0,1,0,0,0,1,0,1,0,1,1,0,0,0,1,0,0,1,0,0,0,0,0,0,0,0,0,1,0,1,0,0,0,0,0,0,0,0,0,0,0,0,0,0,0,0,0,0,0,0.5068,0.28318000000000004,1.904272937405039,3.660218869221145,5.1416041678685955,5.857424760319276,6.100711588373543,74.0,55.61640647795936,1548.0,10.034866285389912,0.33333333333333337,1.7792530004484446,175.29974329701685,176.496342466663,19.380094616217814,25.982627396042954,55.61640647795936,71.69373104296383,1537.9651337146101,31150.95890410959,45.711103646920876,22.855551823460438,2.368915449959687,0.3146084502398724,0.2674537911329979,147.99999999999994,96.92771178950423,712.0,0.24990932619781916,0.16666666666666674,2.34534507217747,151.4199458459816,152.45354109295337,14.73508828876967,28.43869303154902,96.92771178950423,228.6234244693839,711.7500906738022,23242.08219178082,200.1847314378349,100.09236571891745,1.0231077422025787,1.01186712077769,0.3028575180727592,0.6175346987579347,0.7357990092714947,0.760621455245466,0.7648168914069279,0.766030363213935,0.324,0.676,0.027,0.055,0.192,0.027,0.082,0.178,0.11,0.164,0.137,0.027,0.0,0.014,0.0,0.014,0.014,0.028,0.014,0.0,0.042,0.083,0.069,0.014,0.028,0.0,0.0,0.0,0.083,0.014,0.042,0.056,0.042,0.097,0.028,0.083,0.028,0.028,0.028,0.056,0.056,0.014,0.0,0.028,0.011,0.0,0.09,0.022,0.034,0.067,0.09,0.067,0.056,0.112,0.079,0.045,0.022,0.079,0.034,0.011,0.0674,0.0546,0.0569,0.0,0.0,0.0,0.007,0.0,0.0,0.0,0.0,0.014,0.02,0.02,0.0,0.007,0.007,0.0,0.0,0.0,0.0,0.02,0.0,0.0,0.014,0.014,0.014,0.007,0.02,0.014,0.007,0.0,0.02,0.02,0.0,0.007,0.0,0.02,0.007,0.007,0.014,0.027,0.02,0.014,0.014,0.007,0.014,0.007,0.014,0.0,0.007,0.0,0.0,0.014,0.0,0.014,0.014,0.014,0.007,0.0,0.007,0.007,0.007,0.0,0.007,0.0,0.0,0.508,0.011,0.0,0.092,0.023,0.034,0.069,0.092,0.069,0.057,0.114,0.08,0.046,0.023,0.08,0.034,0.011,-0.0001,-0.008,-0.0157,0.0217,-0.0068,0.0067,0.0224,0.02,0.0033,0.0161,-0.0134,-0.0061,0.0061,0.0203,0.0129,0.0061,0.0217,-0.0095,0.0204,-0.0068,-0.0095,0.0217,0.0196,0.0049,0.0009,0.0014,-0.0116,0.0002,0.0225,0.0141,0.0093,0.0217,-0.0091,-0.0039,-0.0045,-0.0026,-0.0045,-0.0175,0.0,0.0,0.0,0.011,0.0,0.0,0.0,0.0,0.023,0.034,0.034,0.0,0.011,0.011,0.0,0.0,0.0,0.0,0.034,0.0,0.0,0.023,0.023,0.023,0.011,0.034,0.023,0.011,0.0,0.034,0.034,0.0,0.011,0.0,0.034,0.011,0.011,0.023,0.045,0.034,0.023,0.023,0.011,0.023,0.011,0.023,0.0,0.011,0.0,0.0,0.023,0.0,0.023,0.023,0.023,0.011,0.0,0.011,0.011,0.011,0.0,0.011,0.0,0.0,0.007,0.0113,0.0304,0.0161,0.0112,0.0112,0.0077,0.0069,-0.0006,-0.0006,0.016,0.0158,0.0025,0.0035,0.0205,0.0027,0.0033,0.0033,0.0025,0.0026,0.0035,0.0035,0.0027,0.0027
0.17567567567567569,0.32432432432432434,0.33783783783783783,0.16216216216216217,0.0684931506849315,0.0136986301369863,0.0547945205479452,0.0273972602739726,0.0547945205479452,0.1095890410958904,0.1232876712328767,0.0410958904109589,0.0273972602739726,0.0958904109589041,0.136986301369863,0.0821917808219178,0.0273972602739726,0.0958904109589041,0.0273972602739726,0.0136986301369863,0.013888888888888888,0.013888888888888888,0.013888888888888888,0.013888888888888888,0.0,0.013888888888888888,0.0,0.0,0.0,0.041666666666666664,0.013888888888888888,0.0,0.013888888888888888,0.013888888888888888,0.0,0.0,0.027777777777777776,0.0,0.013888888888888888,0.013888888888888888,0.0,0.05555555555555555,0.041666666666666664,0.013888888888888888,0.013888888888888888,0.027777777777777776,0.05555555555555555,0.027777777777777776,0.0,0.027777777777777776,0.013888888888888888,0.0,0.013888888888888888,0.0,0.013888888888888888,0.0,0.027777777777777776,0.027777777777777776,0.013888888888888888,0.027777777777777776,0.013888888888888888,0.027777777777777776,0.041666666666666664,0.05555555555555555,0.013888888888888888,0.041666666666666664,0.013888888888888888,0.013888888888888888,0.013888888888888888,0.0,0.013888888888888888,0.0,0.027777777777777776,0.013888888888888888,0.05555555555555555,0.0,0.0,0.0,0.027777777777777776,0.0,0.0,0.013888888888888888,0.0,0.0,1,0,0,1,1,4,0,1,0,0,1,1,0,1,0,0,2,0,0,0,2,2,4,0,1,3,4,1,1,2,1,0,0,0,4,0,0,2,3,2,0,2,3,1,1,4,1,1,1,1,0,1,1,0,1,0,1,1,2,3,0,0,0,0,0,1,0,0,0,0,0,0,0,0,0,0,0,1,0,0,0,0,1,0,0,1,2,1,0,0,0,0,0,1,0,0,0,0,0,0,0,0,0,0,0,0,0,1,0,1,0,0,0,0,0,0,0,1,0,0,0,0,0,0,0,0,0,0,0,0,1,1,0,0,0,0,0,0,0,0,0,0,0,0,0,0,0,1,0,1,1,0,1,1,1,1,0,0,0,0,1,0,0,0,1,2,0,0,0,2,1,1,0,0,0,1,1,0,0,0,0,0,2,0,0,0,1,0,0,0,0,0,0,0,0,0,0,0,0,0,0,3,1,0,0,0,0,0,0,0,0,0,0,2,0,0,0,0,2,1,0,1,1,0,0,0,0,0,1,0,0,1,1,0,1,1,0,0,1,0,0,0,1,0,2,0,2,0,0,0,1,0,0,1,0,0,1,0,0,0,0,1,0,0,0,0,0,0,1,0,0,0,1,0,0,0,0,0,0,0,0,0,1,0,0,0,0,0,0,0,1,0,0,0,0,1,0,0,1,1,1,2,0,0,0,0,0,0,0,0,0,0,0,0,0,0,0,0,0,0,0,0,0,0,0,0,0,0,0,0,0.8542000000000001,0.36464,1.9221456479780858,3.7113878759815497,5.183542362433232,5.885593774403782,6.043568731230686,74.00000000000003,51.49919492617593,1514.0,8.231218250593244,0.3333333333333332,1.7685701103479587,170.4347382431176,171.59812880162528,29.044034130736538,38.59631904526901,51.49919492617593,70.75326067160478,1505.7687817494068,29445.91780821918,32.156941626335765,16.078470813167883,2.3031721384205075,0.3960601924073899,0.21598071104248312,148.0,87.04913116593167,598.872657917787,3.589973919143388,0.16666666666666669,2.3155882828862446,152.05262246998566,153.0905363788602,22.028792812377922,41.293213165449544,87.04913116593167,203.80771370753297,595.2826839986436,23436.712328767117,162.51450054208343,81.25725027104171,1.02738258425666,1.2025613470645604,0.20937866146891898,0.6223037374644688,0.735913656921925,0.760168905332966,0.7649411211545335,0.7657736641360723,0.338,0.662,0.082,0.096,0.096,0.027,0.082,0.247,0.123,0.123,0.096,0.027,0.014,0.028,0.014,0.014,0.0,0.069,0.028,0.0,0.0,0.069,0.028,0.014,0.014,0.014,0.028,0.014,0.028,0.028,0.097,0.097,0.069,0.042,0.014,0.042,0.028,0.042,0.028,0.056,0.028,0.014,0.014,0.028,0.056,0.011,0.045,0.022,0.045,0.089,0.1,0.033,0.022,0.078,0.111,0.067,0.022,0.078,0.022,0.011,0.0704,0.062,0.0541,0.007,0.007,0.007,0.007,0.0,0.007,0.0,0.0,0.0,0.02,0.007,0.0,0.007,0.007,0.0,0.0,0.014,0.0,0.007,0.007,0.0,0.027,0.02,0.007,0.007,0.014,0.027,0.014,0.0,0.014,0.007,0.0,0.007,0.0,0.007,0.0,0.014,0.014,0.007,0.014,0.007,0.014,0.02,0.027,0.007,0.02,0.007,0.007,0.007,0.0,0.007,0.0,0.014,0.007,0.027,0.0,0.0,0.0,0.014,0.0,0.0,0.007,0.0,0.0,0.5113,0.053,0.011,0.042,0.021,0.042,0.084,0.095,0.032,0.021,0.074,0.105,0.063,0.021,0.074,0.021,0.011,0.0009,-0.004,-0.0081,0.025,0.0039,0.0133,0.0227,0.0182,0.0058,0.0265,-0.0067,-0.0041,-0.003,0.0186,0.0101,0.0046,0.025,-0.0056,0.0187,0.0039,-0.0056,0.025,0.0179,-0.0062,-0.0077,0.001,-0.0045,0.0011,0.0197,0.02,0.0175,0.025,-0.0078,-0.005,-0.0033,-0.0029,-0.0055,-0.0142,0.011,0.011,0.011,0.011,0.0,0.011,0.0,0.0,0.0,0.033,0.011,0.0,0.011,0.011,0.0,0.0,0.022,0.0,0.011,0.011,0.0,0.044,0.033,0.011,0.011,0.022,0.044,0.022,0.0,0.022,0.011,0.0,0.011,0.0,0.011,0.0,0.022,0.022,0.011,0.022,0.011,0.022,0.033,0.044,0.011,0.033,0.011,0.011,0.011,0.0,0.011,0.0,0.022,0.011,0.044,0.0,0.0,0.0,0.022,0.0,0.0,0.011,0.0,0.0,0.0063,0.0114,0.0408,0.0161,0.0113,0.0113,0.0078,0.0062,0.0073,0.0073,0.016,0.0159,-0.0004,0.0022,0.0279,0.0047,0.0022,0.0022,0.0016,-0.0005,0.0,0.0,0.0046,0.0048
0.2972972972972973,0.20270270270270271,0.21621621621621623,0.28378378378378377,0.1095890410958904,0.0273972602739726,0.0547945205479452,0.0958904109589041,0.0684931506849315,0.0136986301369863,0.0821917808219178,0.0410958904109589,0.0273972602739726,0.0684931506849315,0.0410958904109589,0.0821917808219178,0.0958904109589041,0.0958904109589041,0.0273972602739726,0.0684931506849315,0.041666666666666664,0.013888888888888888,0.027777777777777776,0.027777777777777776,0.013888888888888888,0.0,0.0,0.013888888888888888,0.0,0.0,0.027777777777777776,0.027777777777777776,0.0,0.027777777777777776,0.027777777777777776,0.041666666666666664,0.013888888888888888,0.0,0.0,0.041666666666666664,0.0,0.0,0.0,0.013888888888888888,0.027777777777777776,0.013888888888888888,0.013888888888888888,0.027777777777777776,0.013888888888888888,0.027777777777777776,0.0,0.0,0.013888888888888888,0.013888888888888888,0.0,0.0,0.041666666666666664,0.0,0.013888888888888888,0.013888888888888888,0.0,0.013888888888888888,0.0,0.027777777777777776,0.041666666666666664,0.013888888888888888,0.0,0.027777777777777776,0.041666666666666664,0.0,0.027777777777777776,0.027777777777777776,0.013888888888888888,0.013888888888888888,0.06944444444444445,0.0,0.0,0.027777777777777776,0.0,0.0,0.041666666666666664,0.027777777777777776,0.0,0.0,2,0,0,2,1,0,2,0,0,2,1,3,3,2,2,1,1,1,1,1,2,1,0,0,0,1,0,0,3,1,0,2,1,0,3,2,0,0,1,1,1,0,0,0,1,3,0,1,4,1,0,2,1,0,3,1,1,1,2,3,0,1,0,1,1,0,0,1,0,0,0,0,0,0,0,0,0,1,1,0,0,0,0,1,0,0,0,0,0,1,1,0,0,0,0,0,0,0,0,0,1,0,1,0,0,0,0,1,1,1,0,1,1,0,1,1,0,1,1,0,0,2,0,0,1,0,0,0,0,0,1,0,0,0,0,1,0,0,0,1,0,0,0,1,1,0,0,1,0,0,0,1,0,0,0,0,0,0,0,0,0,0,0,0,0,0,0,0,0,0,0,0,0,0,0,0,1,0,1,1,0,0,1,0,0,0,0,0,1,1,0,0,0,0,0,1,0,0,0,0,0,0,2,1,0,0,0,2,0,0,0,0,0,0,0,0,0,0,0,1,0,1,0,0,1,0,0,0,0,0,0,0,0,0,0,0,0,0,0,0,1,0,0,0,1,0,2,0,0,0,0,0,0,1,0,0,2,1,1,0,1,0,0,0,0,0,0,0,0,1,1,0,0,0,0,1,0,0,0,0,2,0,0,1,1,0,0,0,0,1,0,0,1,0,0,0,0,1,0,1,2,0,0,1,0,0,0,0,0,0,1,0,0,0,0,0,1,0,0,0,15,9,3.0,12.0,0.25,53.333333333333336,22.22222222222222,15.555555555555557,37.77777777777778,0.411764705882353,0.9914000000000001,0.4698,1.9804057923518918,3.8293766164211003,5.129732598809243,5.783549936406086,6.043568731230686,73.99999999999996,57.677560580555635,1406.0,3.871764031675939,0.33333333333333354,1.7629291063294987,158.43610699584863,159.51759468377972,26.782611064987883,32.741128785765916,57.677560580555635,87.07925468396373,1402.1282359683241,25445.86301369863,54.33812589819781,27.169062949098905,2.1410284729168745,0.3090666590262535,0.3539743168118506,148.0,110.23168208913175,707.1771712065754,1.9691076641788492,0.16666666666666669,2.2599324804288434,138.50631754544628,139.4517641356607,25.546073671702587,59.10729898176763,110.23168208913175,197.3727193143107,705.2080635423965,19446.79452054795,138.26542033254307,69.13271016627154,0.9358534969286911,0.8180489940137746,0.2110911157763831,0.6372312350880239,0.7416229090904718,0.7602645830609168,0.764599855726775,0.7657736641360723,0.581,0.419,0.178,0.11,0.096,0.096,0.096,0.055,0.082,0.123,0.068,0.096,0.042,0.042,0.028,0.069,0.014,0.028,0.028,0.042,0.0,0.014,0.042,0.028,0.028,0.069,0.014,0.0,0.0,0.0,0.0,0.014,0.097,0.028,0.042,0.028,0.042,0.028,0.069,0.014,0.014,0.042,0.083,0.014,0.084,0.021,0.042,0.073,0.052,0.01,0.063,0.031,0.021,0.052,0.031,0.063,0.073,0.073,0.021,0.052,0.0946,0.0747,0.0665,0.017,0.006,0.011,0.011,0.006,0.0,0.0,0.006,0.0,0.0,0.011,0.011,0.0,0.011,0.011,0.017,0.006,0.0,0.0,0.017,0.0,0.0,0.0,0.006,0.011,0.006,0.006,0.011,0.006,0.011,0.0,0.0,0.006,0.006,0.0,0.0,0.017,0.0,0.006,0.006,0.0,0.006,0.0,0.011,0.017,0.006,0.0,0.011,0.017,0.0,0.011,0.011,0.006,0.006,0.029,0.0,0.0,0.011,0.0,0.0,0.017,0.011,0.0,0.0,0.5884,0.105,0.026,0.052,0.092,0.066,0.013,0.079,0.039,0.026,0.066,0.039,0.079,0.092,0.092,0.026,0.066,0.0068,-0.0097,0.0024,0.0249,0.0024,0.0091,0.0172,0.0029,0.0017,0.0159,-0.0175,-0.0164,0.009,0.0043,-0.0121,-0.0157,0.0249,-0.0145,0.0043,0.0024,-0.0144,0.0249,0.0216,0.0003,-0.0024,-0.0076,-0.0009,0.007,0.0178,0.0113,0.0066,0.0249,-0.0135,-0.0125,-0.0095,-0.0098,-0.0185,-0.026,0.034,0.011,0.023,0.023,0.011,0.0,0.0,0.011,0.0,0.0,0.023,0.023,0.0,0.023,0.023,0.034,0.011,0.0,0.0,0.034,0.0,0.0,0.0,0.011,0.023,0.011,0.011,0.023,0.011,0.023,0.0,0.0,0.011,0.011,0.0,0.0,0.034,0.0,0.011,0.011,0.0,0.011,0.0,0.023,0.034,0.011,0.0,0.023,0.034,0.0,0.023,0.023,0.011,0.011,0.057,0.0,0.0,0.023,0.0,0.0,0.034,0.023,0.0,0.0,-0.0008,0.0109,0.0315,0.0249,0.0107,0.0107,0.0074,-0.0007,0.0064,0.0064,0.0246,0.025,-0.0098,0.003,0.011,0.01,0.0029,0.0029,0.0019,-0.0097,-0.0071,-0.0071,0.0101,0.0103
0.24324324324324326,0.24324324324324326,0.2702702702702703,0.24324324324324326,0.0273972602739726,0.0547945205479452,0.0821917808219178,0.0684931506849315,0.1095890410958904,0.0410958904109589,0.0547945205479452,0.0410958904109589,0.0410958904109589,0.0547945205479452,0.0821917808219178,0.0958904109589041,0.0684931506849315,0.0958904109589041,0.0410958904109589,0.0410958904109589,0.0,0.0,0.0,0.027777777777777776,0.027777777777777776,0.0,0.013888888888888888,0.013888888888888888,0.013888888888888888,0.041666666666666664,0.013888888888888888,0.013888888888888888,0.013888888888888888,0.027777777777777776,0.027777777777777776,0.0,0.0,0.041666666666666664,0.027777777777777776,0.027777777777777776,0.013888888888888888,0.013888888888888888,0.013888888888888888,0.0,0.013888888888888888,0.0,0.0,0.041666666666666664,0.013888888888888888,0.027777777777777776,0.0,0.0,0.013888888888888888,0.0,0.013888888888888888,0.013888888888888888,0.013888888888888888,0.013888888888888888,0.0,0.027777777777777776,0.0,0.013888888888888888,0.027777777777777776,0.041666666666666664,0.027777777777777776,0.027777777777777776,0.0,0.041666666666666664,0.013888888888888888,0.013888888888888888,0.041666666666666664,0.0,0.05555555555555555,0.013888888888888888,0.027777777777777776,0.0,0.013888888888888888,0.0,0.027777777777777776,0.0,0.013888888888888888,0.013888888888888888,0.013888888888888888,0.0,1,0,2,1,2,2,0,1,1,0,1,2,0,2,1,1,1,1,0,0,4,0,1,1,0,0,1,2,3,2,0,0,0,1,2,1,1,0,1,1,0,1,1,1,2,3,2,2,0,2,2,3,0,1,2,0,2,2,2,2,0,0,0,0,0,0,0,1,0,0,0,0,0,1,1,0,0,1,0,0,0,2,0,0,0,1,0,0,0,0,0,0,0,1,0,0,0,0,0,1,0,0,0,0,0,0,1,0,1,0,0,1,0,0,0,0,1,1,0,0,1,0,0,0,0,0,1,0,0,0,0,1,0,0,1,0,0,0,0,0,0,0,0,0,0,0,2,2,0,0,0,0,0,0,0,1,0,1,0,0,0,0,0,0,0,0,0,0,0,0,0,1,0,1,0,1,1,0,2,0,1,0,1,0,0,0,0,0,0,0,0,0,0,0,0,0,1,0,0,0,0,2,0,0,0,1,0,0,0,1,0,0,0,0,0,0,0,0,0,1,1,0,0,0,0,0,0,0,1,0,0,0,0,0,0,1,0,1,0,0,0,1,1,0,2,0,1,0,0,0,2,0,1,1,0,0,0,0,0,0,1,0,0,1,1,0,0,1,1,0,2,0,0,0,0,0,0,0,1,0,1,0,0,1,0,0,0,0,1,0,1,0,0,1,0,1,0,0,1,1,1,0,0,1,0,0,0,0,0,0,0,0,0,0,0,0,0,0,0,0,33,33,0.0,33.0,0.0,54.54545454545454,54.54545454545454,0.0,54.54545454545454,0.0,1.1537,0.46475,1.9984464470393264,3.8978213071382184,5.301462154039803,5.952564020913128,6.072140159802115,74.0,50.36466081530252,1372.0,7.168655504111974,0.33333333333333337,1.7699405922467042,156.60779035539707,157.67679792138006,20.523468062384115,29.04544691304948,50.36466081530252,72.90549436661794,1364.831344495888,24861.972602739726,43.86004745356846,21.93002372678423,2.1163214912891495,0.4527617521017457,0.2579114771201987,148.00000000000003,91.61422658955863,956.9840361789439,0.5738461132090528,0.16666666666666663,2.3204722363352213,158.44241856270688,159.52394933350575,24.929588923317592,37.3791528227872,91.61422658955863,216.72495138155222,956.4101900657349,25447.890410958906,179.345798558765,89.6728992793825,1.0705568821804516,1.0676264712809638,0.27063104332565935,0.6419371385740921,0.7437416178401209,0.761524392858373,0.7653452342124085,0.7659020136750037,0.486,0.514,0.068,0.151,0.123,0.068,0.151,0.123,0.055,0.137,0.055,0.068,0.0,0.042,0.0,0.028,0.028,0.042,0.056,0.028,0.014,0.069,0.014,0.014,0.042,0.056,0.014,0.042,0.028,0.042,0.042,0.014,0.042,0.0,0.056,0.042,0.028,0.028,0.014,0.028,0.014,0.042,0.028,0.069,0.021,0.043,0.064,0.053,0.085,0.032,0.043,0.032,0.032,0.043,0.064,0.074,0.053,0.074,0.032,0.032,0.0905,0.0666,0.0672,0.0,0.0,0.0,0.012,0.012,0.0,0.006,0.006,0.006,0.018,0.006,0.006,0.006,0.012,0.012,0.0,0.0,0.018,0.012,0.012,0.006,0.006,0.006,0.0,0.006,0.0,0.0,0.018,0.006,0.012,0.0,0.0,0.006,0.0,0.006,0.006,0.006,0.006,0.0,0.012,0.0,0.006,0.012,0.018,0.012,0.012,0.0,0.018,0.006,0.006,0.018,0.0,0.024,0.006,0.012,0.0,0.006,0.0,0.012,0.0,0.006,0.006,0.006,0.0,0.5724,0.03,0.061,0.091,0.076,0.122,0.046,0.061,0.046,0.046,0.061,0.091,0.107,0.076,0.107,0.046,0.046,-0.0061,-0.0164,0.0046,0.0159,-0.0058,0.0045,0.0111,0.0033,-0.0007,0.0186,-0.0254,-0.0193,-0.0044,0.0049,-0.0008,-0.0041,0.0159,-0.0178,0.0049,-0.0058,-0.0177,0.0159,0.0096,-0.0086,-0.0086,-0.0074,-0.0044,-0.0059,0.009,0.0104,0.0084,0.0159,-0.0283,-0.0151,-0.0075,-0.0126,-0.0177,-0.0251,0.0,0.0,0.0,0.027,0.027,0.0,0.014,0.014,0.014,0.041,0.014,0.014,0.014,0.027,0.027,0.0,0.0,0.041,0.027,0.027,0.014,0.014,0.014,0.0,0.014,0.0,0.0,0.041,0.014,0.027,0.0,0.0,0.014,0.0,0.014,0.014,0.014,0.014,0.0,0.027,0.0,0.014,0.027,0.041,0.027,0.027,0.0,0.041,0.014,0.014,0.041,0.0,0.054,0.014,0.027,0.0,0.014,0.0,0.027,0.0,0.014,0.014,0.014,0.0,0.0028,0.0072,0.0176,0.0119,0.0071,0.0071,0.0018,0.0027,-0.0062,-0.0062,0.0117,0.0117,0.0008,-0.0017,0.0032,-0.0101,-0.0018,-0.0018,0.003,0.0009,-0.0069,-0.0069,-0.0101,-0.0099
0.2,0.25882352941176473,0.35294117647058826,0.18823529411764706,0.05952380952380952,0.047619047619047616,0.05952380952380952,0.03571428571428571,0.03571428571428571,0.10714285714285714,0.08333333333333333,0.03571428571428571,0.07142857142857142,0.047619047619047616,0.11904761904761904,0.10714285714285714,0.03571428571428571,0.05952380952380952,0.08333333333333333,0.011904761904761904,0.012048192771084338,0.012048192771084338,0.024096385542168676,0.012048192771084338,0.0,0.012048192771084338,0.03614457831325301,0.0,0.0,0.012048192771084338,0.024096385542168676,0.024096385542168676,0.012048192771084338,0.024096385542168676,0.0,0.0,0.012048192771084338,0.024096385542168676,0.0,0.0,0.0,0.060240963855421686,0.024096385542168676,0.024096385542168676,0.024096385542168676,0.012048192771084338,0.024096385542168676,0.012048192771084338,0.0,0.012048192771084338,0.024096385542168676,0.0,0.03614457831325301,0.0,0.03614457831325301,0.0,0.024096385542168676,0.012048192771084338,0.0,0.012048192771084338,0.024096385542168676,0.024096385542168676,0.03614457831325301,0.03614457831325301,0.024096385542168676,0.012048192771084338,0.060240963855421686,0.012048192771084338,0.0,0.012048192771084338,0.0,0.024096385542168676,0.012048192771084338,0.024096385542168676,0.024096385542168676,0.0,0.024096385542168676,0.0,0.024096385542168676,0.03614457831325301,0.0,0.012048192771084338,0.0,0.0,0,1,1,0,1,1,2,0,1,1,2,3,0,1,2,0,1,1,1,0,1,6,1,1,2,1,2,0,1,1,1,0,3,1,2,3,1,1,0,2,1,1,4,5,0,1,3,1,1,1,1,0,0,1,3,0,2,1,1,0,2,2,1,0,0,0,0,0,0,0,1,0,0,0,0,1,0,0,0,0,0,1,0,0,0,1,0,0,0,0,1,1,0,0,0,0,0,0,1,0,0,1,0,0,1,1,0,0,1,0,2,0,0,0,0,0,0,1,0,0,0,0,1,1,0,0,0,0,0,0,0,1,0,0,1,0,0,0,0,1,0,0,0,0,0,1,0,0,0,3,0,2,0,1,0,0,0,1,0,0,1,0,1,0,1,0,0,0,1,0,1,0,0,0,0,0,0,0,0,1,1,0,0,0,0,0,1,0,0,0,0,0,1,1,1,0,0,0,1,0,0,1,1,0,1,2,0,0,1,0,0,0,0,0,1,0,0,0,0,0,0,0,2,0,0,0,1,0,1,0,0,0,0,1,1,2,1,1,2,1,0,0,0,0,0,0,1,0,2,0,0,1,0,1,0,0,0,0,1,0,0,1,0,0,0,0,1,0,0,0,0,0,0,0,0,0,0,1,0,0,2,0,1,0,0,0,0,0,2,0,0,0,0,0,0,1,0,0,1,0,0,0,0,0,0,1,0,1,0,1,1,0,0,0,0,1,0,0,0,0,0,0,0,0,0,0,0,0,0,0,0.7107,0.34538,1.9529076210843859,3.8335180618271774,5.293730925782415,6.104443620445361,6.281147688043091,84.99999999999997,56.89534349902105,1929.0,13.875388202501895,0.3333333333333334,1.935765049661637,203.77438504385188,204.98373919248652,32.803504744658454,38.87896071460029,56.89534349902105,80.1667968927247,1915.1246117974981,42018.333333333336,41.287836178124415,20.643918089062208,2.397345706398258,0.41376137380953226,0.25565782056754205,170.00000000000006,135.028166647516,566.0357629598593,1.7756607953372678,0.1666666666666666,2.385574399340275,136.29380029920657,137.10267268417073,42.509293744877986,64.38446699680313,135.028166647516,261.49674067811037,564.2601021645221,18797.142857142855,197.11227368130724,98.55613684065362,0.801728237054156,0.7697745592765817,0.29360047177393883,0.6292687099371937,0.7412093942626051,0.7613209088484222,0.7654652697553949,0.7663911868350431,0.388,0.612,0.071,0.155,0.095,0.036,0.119,0.226,0.083,0.131,0.048,0.036,0.012,0.024,0.024,0.012,0.036,0.048,0.048,0.024,0.0,0.024,0.048,0.036,0.024,0.0,0.012,0.084,0.024,0.024,0.096,0.048,0.048,0.012,0.0,0.048,0.048,0.012,0.024,0.036,0.048,0.036,0.0,0.036,0.048,0.039,0.048,0.029,0.029,0.087,0.067,0.029,0.058,0.039,0.096,0.087,0.029,0.048,0.067,0.01,0.0787,0.047,0.0646,0.006,0.006,0.011,0.006,0.0,0.006,0.017,0.0,0.0,0.006,0.011,0.011,0.006,0.011,0.0,0.0,0.006,0.011,0.0,0.0,0.0,0.028,0.011,0.011,0.011,0.006,0.011,0.006,0.0,0.006,0.011,0.0,0.017,0.0,0.017,0.0,0.011,0.006,0.0,0.006,0.011,0.011,0.017,0.017,0.011,0.006,0.028,0.006,0.0,0.006,0.0,0.011,0.006,0.011,0.011,0.0,0.011,0.0,0.011,0.017,0.0,0.006,0.0,0.0,0.5327,0.055,0.044,0.055,0.033,0.033,0.099,0.077,0.033,0.066,0.044,0.11,0.099,0.033,0.055,0.077,0.011,-0.0057,-0.0114,-0.0068,0.0219,-0.0012,0.0134,0.0181,0.0123,-0.0024,0.0278,-0.016,-0.0129,-0.0022,0.013,0.0067,0.0029,0.0219,-0.018,0.0131,-0.0012,-0.018,0.0219,0.0148,-0.0026,-0.0012,0.0036,-0.008,-0.0056,0.0151,0.0155,0.012,0.0219,-0.0218,-0.0055,-0.0048,0.0041,-0.0141,-0.0231,0.011,0.011,0.022,0.011,0.0,0.011,0.032,0.0,0.0,0.011,0.022,0.022,0.011,0.022,0.0,0.0,0.011,0.022,0.0,0.0,0.0,0.054,0.022,0.022,0.022,0.011,0.022,0.011,0.0,0.011,0.022,0.0,0.032,0.0,0.032,0.0,0.022,0.011,0.0,0.011,0.022,0.022,0.032,0.032,0.022,0.011,0.054,0.011,0.0,0.011,0.0,0.022,0.011,0.022,0.022,0.0,0.022,0.0,0.022,0.032,0.0,0.011,0.0,0.0,0.0024,0.0051,0.0284,0.0113,0.005,0.005,-0.0004,0.0023,-0.0011,-0.0011,0.0112,0.0112,0.0029,0.0022,0.0131,-0.0011,0.0021,0.0021,-0.0003,0.003,0.0017,0.0017,-0.0013,-0.0011
0.2054794520547945,0.2602739726027397,0.3013698630136986,0.2328767123287671,0.041666666666666664,0.013888888888888888,0.1111111111111111,0.027777777777777776,0.09722222222222222,0.05555555555555555,0.041666666666666664,0.06944444444444445,0.027777777777777776,0.1111111111111111,0.09722222222222222,0.06944444444444445,0.041666666666666664,0.08333333333333333,0.041666666666666664,0.06944444444444445,0.0,0.0,0.028169014084507043,0.014084507042253521,0.0,0.0,0.0,0.014084507042253521,0.014084507042253521,0.04225352112676056,0.028169014084507043,0.028169014084507043,0.014084507042253521,0.014084507042253521,0.0,0.0,0.028169014084507043,0.0,0.04225352112676056,0.014084507042253521,0.028169014084507043,0.014084507042253521,0.0,0.014084507042253521,0.014084507042253521,0.028169014084507043,0.0,0.0,0.0,0.028169014084507043,0.014084507042253521,0.028169014084507043,0.0,0.014084507042253521,0.014084507042253521,0.0,0.028169014084507043,0.028169014084507043,0.014084507042253521,0.04225352112676056,0.0,0.04225352112676056,0.014084507042253521,0.04225352112676056,0.0,0.028169014084507043,0.014084507042253521,0.028169014084507043,0.014084507042253521,0.0,0.028169014084507043,0.0,0.04225352112676056,0.014084507042253521,0.028169014084507043,0.0,0.0,0.0,0.04225352112676056,0.0,0.028169014084507043,0.014084507042253521,0.014084507042253521,0.014084507042253521,1,0,1,0,2,0,1,1,0,1,2,1,0,3,1,0,0,1,3,0,2,0,0,3,0,1,2,1,1,0,1,2,1,0,1,0,0,4,2,1,1,2,1,0,1,3,1,3,1,0,3,2,2,0,0,0,1,3,1,3,1,0,0,0,0,0,0,1,0,0,0,0,0,1,0,0,0,0,0,0,1,0,1,0,0,0,0,0,0,1,0,0,0,1,0,0,0,0,0,0,0,0,1,0,0,1,1,0,0,1,0,0,0,0,0,0,1,1,1,0,0,0,1,0,0,0,0,0,0,0,0,0,0,0,0,1,0,1,1,1,0,0,0,0,0,0,1,1,0,0,0,0,0,0,0,0,0,0,1,2,0,0,0,0,1,0,0,0,0,1,0,1,0,0,1,0,1,0,0,0,0,0,0,0,0,0,1,0,1,0,0,1,0,0,1,0,0,0,0,0,0,0,1,0,0,0,0,0,0,0,0,0,1,1,0,1,1,1,0,0,0,1,0,0,0,1,0,0,1,1,0,0,0,0,0,1,0,0,0,0,0,0,1,0,2,0,1,0,0,0,1,0,1,1,1,0,0,0,1,0,0,0,0,0,1,1,0,1,1,1,0,0,1,0,1,0,0,0,0,0,0,0,0,0,0,0,0,0,0,0,1,0,0,0,0,3,0,0,0,1,0,1,0,2,0,0,1,0,0,0,0,0,0,0,0,0,0,0,0,0,0,0,0,0,0,0,0,0,0,0,0.775,0.38308,1.98560064653985,3.827408121649288,5.258420182671665,5.83278462405692,6.050553442285411,73.00000000000004,54.60426244778847,1359.0,9.875020774660197,0.33333333333333315,1.7186545386109973,154.2400726140908,155.30749069721867,22.65190468716218,37.0139025014064,54.60426244778847,72.88425883480107,1349.1249792253398,24120.416666666668,35.870356333394675,17.935178166697337,2.1128777070423386,0.35780074348585994,0.2646126468038793,145.99999999999997,106.00000000000001,643.3545735459477,0.45837971476155287,0.16666666666666669,2.2330026779046634,131.4534138012399,132.36313686219438,31.84221696095246,51.00441741999682,106.00000000000001,203.53298448851461,642.8961938311861,17520.000000000004,152.5285670685178,76.2642835342589,0.900365847953698,0.9128709291752757,0.2686718121154595,0.6385356044030994,0.7411418726520015,0.7615226048264387,0.7647144019116502,0.7658353715898868,0.438,0.562,0.111,0.083,0.181,0.028,0.139,0.153,0.042,0.111,0.111,0.042,0.014,0.028,0.056,0.014,0.0,0.042,0.0,0.042,0.014,0.085,0.042,0.014,0.014,0.014,0.042,0.014,0.056,0.07,0.028,0.0,0.042,0.042,0.028,0.042,0.014,0.042,0.028,0.07,0.014,0.0,0.042,0.042,0.034,0.011,0.09,0.022,0.078,0.045,0.034,0.056,0.022,0.09,0.078,0.056,0.034,0.067,0.034,0.056,0.0697,0.0669,0.0571,0.0,0.0,0.014,0.007,0.0,0.0,0.0,0.007,0.007,0.021,0.014,0.014,0.007,0.007,0.0,0.0,0.014,0.0,0.021,0.007,0.014,0.007,0.0,0.007,0.007,0.014,0.0,0.0,0.0,0.014,0.007,0.014,0.0,0.007,0.007,0.0,0.014,0.014,0.007,0.021,0.0,0.021,0.007,0.021,0.0,0.014,0.007,0.014,0.007,0.0,0.014,0.0,0.021,0.007,0.014,0.0,0.0,0.0,0.021,0.0,0.014,0.007,0.007,0.007,0.5103,0.038,0.013,0.101,0.025,0.088,0.05,0.038,0.063,0.025,0.101,0.088,0.063,0.038,0.075,0.038,0.063,0.0032,-0.0049,-0.0095,0.0191,-0.0049,0.0071,0.015,0.0095,0.0071,0.0144,-0.0072,-0.0063,0.0019,0.0098,0.0012,-0.0027,0.0191,-0.0026,0.0099,-0.0049,-0.0025,0.0191,0.0156,-0.0079,-0.0113,-0.0022,-0.0015,0.0034,0.0149,0.0073,0.0031,0.0191,-0.0047,-0.0077,0.0042,-0.0081,-0.0066,-0.0132,0.0,0.0,0.023,0.012,0.0,0.0,0.0,0.012,0.012,0.035,0.023,0.023,0.012,0.012,0.0,0.0,0.023,0.0,0.035,0.012,0.023,0.012,0.0,0.012,0.012,0.023,0.0,0.0,0.0,0.023,0.012,0.023,0.0,0.012,0.012,0.0,0.023,0.023,0.012,0.035,0.0,0.035,0.012,0.035,0.0,0.023,0.012,0.023,0.012,0.0,0.023,0.0,0.035,0.012,0.023,0.0,0.0,0.0,0.035,0.0,0.023,0.012,0.012,0.012,0.0014,0.0114,0.0252,0.0254,0.0112,0.0112,0.0064,0.0012,-0.0012,-0.0012,0.0252,0.0249,-0.0,0.002,0.011,0.0058,0.0019,0.0019,0.0012,0.0,-0.0018,-0.0018,0.0058,0.0058
