nameseq,average,median,maximum,minimum,peak,none_levated_peak,sample_standard_deviation,population_standard_deviation,percentile15,percentile25,percentile50,percentile75,amplitude,variance,interquartile_range,semi_interquartile_range,coefficient_of_variation,skewness,kurtosis,label
pre_0_train_U00096.3/228758-228873,115.99999999999991,80.0,3704.0,16.0,0.33333333333333354,2.2797208779108686,337.78987551434983,339.25534823248967,39.71171105809919,46.68849659188041,80.0,107.709094435722,3688.0,115094.19130434783,61.020597843841585,30.510298921920793,2.911981685468535,0.31972539092697505,0.25665563143341474,rRNA
pre_1_train_U00096.3/4040519-4040634,115.99999999999999,82.0,3646.0,6.0,0.33333333333333337,2.2696783252200037,332.2318467576521,333.6732064395524,39.637523993854415,48.65101871079042,82.0,118.69202461874633,3640.0,111337.80869565217,70.0410059079559,35.02050295397795,2.8640676444625184,0.3070145171073991,0.317157657327228,rRNA
pre_2_train_U00096.3/3423540-3423425,115.99999999999997,80.58815453532128,3614.0,20.125670117381297,0.33333333333333337,2.252753280921196,329.4237392781522,330.8529162239817,38.35251696766291,45.62990288205867,80.58815453532128,108.32019854514256,3593.874329882619,109463.65217391304,62.69029566308389,31.345147831541944,2.839859821363382,0.32248901256122,0.2874078515467467,rRNA
pre_3_train_U00096.3/3941808-3943349,1542.0000000000018,979.4247351324218,610874.0,56.76778440028942,0.3333333333333329,8.486540533820403,15538.42746226271,15543.468314775615,488.05316059633265,627.5643387840857,979.4247351324218,1483.5908470271659,610817.2322155997,241599407.25243348,856.0265082430801,428.01325412154006,10.076801207693055,0.10861625468224652,0.25501000989813377,rRNA
pre_4_train_U00096.3/3428762-3427221,1541.9999999999982,995.5408201995115,610998.0,63.90291022659726,0.3333333333333337,8.490175008322987,15541.575402770466,15546.617276513083,485.84532794361013,633.5338288096088,995.5408201995115,1498.705033438453,610934.0970897734,241697308.74237508,865.1712046288442,432.5856023144221,10.078842673651417,0.10548335653985387,0.26021105682862833,rRNA
pre_5_train_U00096.3/2731157-2729616,1542.0000000000018,999.8420396722755,611322.0,82.83420739640077,0.3333333333333329,8.490694352954488,15549.881993121362,15554.926561621665,468.21819881239935,625.9314319648888,999.8420396722755,1509.0728899376386,611239.1657926036,241955740.33744323,883.1414579727498,441.5707289863749,10.08422956752357,0.10459718483411418,0.2662401566591719,rRNA
pre_6_train_U00096.3/4035531-4037072,1541.9999999999975,999.150725766337,610646.0,87.34183559550837,0.33333333333333387,8.487199579171655,15532.72468049312,15537.763682955114,479.39658458130344,621.0973656154877,999.150725766337,1484.0725034722986,610558.6581644044,241422100.26735887,862.975137856811,431.4875689284055,10.073102905637578,0.10484624276809622,0.2629936518046613,rRNA
pre_7_train_U00096.3/4166659-4168200,1542.0000000000007,991.4373421743951,610990.0,87.59024290186011,0.3333333333333332,8.485366063789836,15541.431980354962,15546.473807569626,485.56317467401266,627.8286697488849,991.4373421743951,1502.9595355795732,610902.4097570982,241692847.8494484,875.1308658306883,437.56543291534416,10.078749663005807,0.10627643421562577,0.26489138389499695,rRNA
pre_8_train_U00096.3/223771-225312,1542.000000000001,1011.3219867339672,610500.0,113.29622935269737,0.33333333333333315,8.465382272953105,15528.565291101424,15533.602944207545,495.56262910135194,634.3230156106058,1011.3219867339672,1495.225752457796,610386.7037706473,241292820.42829332,860.9027368471902,430.4513684235951,10.070405506550852,0.10252293176823034,0.25680729912395545,rRNA
pre_9_train_U00096.3/4035536-4037070,1534.999999999999,980.022463499422,605669.0,72.41493359174515,0.33333333333333354,8.437776524323473,15440.792013365115,15445.824046092272,491.4130392170541,634.4093919509903,980.022463499422,1504.0759164407862,605596.5850664083,238573480.46284226,869.6665244897958,434.8332622448979,10.059147891443077,0.10782689178512427,0.27179737793012804,rRNA
pre_10_train_U00096.3/3428757-3427223,1535.000000000003,1007.2823449675111,606041.0,89.34705600969659,0.3333333333333327,8.446104379029686,15450.213526032578,15455.248629156642,481.2865954618328,634.6882746897779,1007.2823449675111,1517.0686654089664,605951.6529439903,238864710.18904823,882.3803907191884,441.1901953595942,10.065285684711757,0.10246803142428863,0.275555449183819,rRNA
pre_11_train_U00096.3/2731152-2729618,1534.9999999999982,998.5418536507036,606375.0,108.20153459293658,0.33333333333333376,8.441718763117823,15458.950029028492,15463.987979310199,480.48419092870836,623.0424764728746,998.5418536507036,1530.378072881942,606266.7984654071,239134924.22425032,907.3355964090674,453.6677982045337,10.07097721760815,0.10410632261737272,0.2859230996098797,rRNA
pre_12_train_U00096.3/223776-225310,1534.9999999999989,1006.8454146431932,605525.0,72.3161139169228,0.3333333333333336,8.431944013408723,15436.751147829003,15441.781863669845,489.20864056335654,637.7867962146606,1006.8454146431932,1502.288959077726,605452.6838860831,238448627.12516296,864.5021628630655,432.2510814315327,10.056515405751801,0.10264230736745751,0.2695889418542104,rRNA
pre_13_train_U00096.3/3428757-3427226,1531.9999999999982,1004.5478938232474,604010.0,93.5241529382582,0.33333333333333376,8.474551065290658,15414.160048474912,15419.193243726919,464.31303184996955,623.1994816896936,1004.5478938232474,1495.2731764754822,603916.4758470617,237751520.28739387,872.0736947857886,436.0368473928943,10.061462172633767,0.10265601976066233,0.26154636032376066,rRNA
pre_14_train_U00096.3/4166664-4168195,1531.9999999999989,1013.0974252310182,603994.0,69.35221946957137,0.3333333333333336,8.470247002064884,15413.6372086539,15418.670233182698,463.1006564167237,617.0104468692352,1013.0974252310182,1490.74440233652,603924.6477805304,237735391.75963423,873.7339554672847,436.86697773364233,10.061120893377227,0.10099548232735991,0.2623318821047054,rRNA
pre_15_train_U00096.3/4035536-4037067,1531.999999999998,1006.6715544815918,603642.0,83.02145142305478,0.3333333333333338,8.468971470236863,15404.615671934178,15409.645750654987,477.41001854450633,614.5106495857777,1006.6715544815918,1483.4136252721416,603558.9785485769,237457182.16067928,868.9029756863639,434.45148784318195,10.055232161836944,0.10230604710421447,0.25855289934238423,rRNA
pre_16_train_U00096.3/2731152-2729621,1531.999999999999,1001.1939147289802,604346.0,79.04478246039966,0.33333333333333354,8.475806236155298,15422.791381588484,15427.827395235056,457.2823192944248,619.5148861676387,1001.1939147289802,1487.488567526601,604266.9552175396,238017858.13716525,867.9736813589623,433.98684067948113,10.067096202081261,0.10325097554740083,0.26137147407152606,rRNA
pre_17_train_U00096.3/4210042-4212945,2904.0000000000027,1864.928165579933,2170334.0,86.00091858927995,0.33333333333333304,11.687283979926296,40249.174252399265,40256.10599691848,932.9922091231392,1187.703365734743,1864.928165579933,2799.356198579244,2170247.999081411,1620554070.035136,1611.6528328445008,805.8264164222504,13.859908489118192,0.07744793678778121,0.2590108852904428,rRNA
pre_18_train_U00096.3/225758-228661,2904.0,1867.4630831328873,2170020.0,153.8461286696437,0.3333333333333333,11.698392570972016,40243.7239579043,40250.6547637695,922.8943284552932,1168.4146176398447,1867.4630831328873,2816.0353944585686,2169866.1538713304,1620115208.91216,1647.620776818724,823.810388409362,13.858031665945008,0.07726945830992306,0.2629323603113501,rRNA
pre_19_train_U00096.3/4037518-4040422,2904.9999999999964,1878.2571576382124,2171291.0,109.45432894184445,0.33333333333333376,11.69001448868281,40259.329875197865,40266.260981365296,915.5873458041623,1181.5049626884395,1878.2571576382124,2865.1940076050782,2171181.5456710584,1621371773.4194214,1683.6890449166387,841.8445224583194,13.858633347744549,0.07650968201989261,0.2706289231754291,rRNA
pre_20_train_U00096.3/3943703-3946606,2904.0000000000036,1874.652789962304,2170000.0,154.5772617878419,0.3333333333333329,11.694422797045073,40243.20215887399,40250.13287487455,917.1284492704897,1187.7615575061034,1874.652789962304,2816.535787713072,2169845.422738212,1620073196.445057,1628.7742302069685,814.3871151034842,13.857851983083313,0.07673449090661286,0.25813384248364424,rRNA
pre_21_train_U00096.3/3426784-3423881,2904.000000000006,1865.870733784885,2170290.0,95.54655896336173,0.33333333333333265,11.686245452204895,40248.61908190144,40255.55073080875,920.5039599971698,1185.9219109101032,1865.870733784885,2784.3206071224026,2170194.453441037,1620509364.6407166,1598.3986962122995,799.1993481061497,13.859717314704323,0.07737874912696835,0.2516056110565586,rRNA
pre_22_train_U00096.3/2729184-2726281,2903.9999999999986,1860.9016197772132,2169990.0,87.13699509601321,0.3333333333333335,11.684826743295584,40242.84030731429,40249.770960996495,929.2562116819535,1178.3216858710107,1860.9016197772132,2778.340975003287,2169902.863004904,1620044062.4126766,1600.0192891322763,800.0096445661381,13.85772737855176,0.07776029516732681,0.2553728547408222,rRNA
pre_23_train_U00096.3/4210043-4212946,2904.0000000000014,1861.4678147720876,2169990.0,78.83120959800252,0.3333333333333332,11.68762378047733,40242.792944824294,40249.72359034969,933.6402669571034,1191.213964528277,1861.4678147720876,2794.9091785132,2169911.168790402,1620040249.0995522,1603.695213984923,801.8476069924615,13.857711069154364,0.07771817825795282,0.25773335028096495,rRNA
pre_24_train_U00096.3/225759-228662,2904.000000000008,1870.4395631176708,2169678.0,139.43109239200342,0.33333333333333237,11.698239858508849,40237.38724122132,40244.31695577218,919.5953215650374,1168.4956661018698,1870.4395631176708,2827.1835212828073,2169538.568907608,1619605047.2366517,1658.6878551809375,829.3439275904688,13.855849600971489,0.07705970797901385,0.26269378839296614,rRNA
pre_25_train_U00096.3/4037519-4040423,2904.999999999991,1891.760484994939,2170949.0,130.33828664428168,0.33333333333333437,11.690035684595134,40253.058119849724,40259.98814626241,920.359794382045,1177.336063693147,1891.760484994939,2873.2037207476874,2170818.6617133557,1620866645.5371902,1695.8676570545404,847.9338285272702,13.856474395817504,0.07551522013469579,0.2728775174115737,rRNA
pre_26_train_U00096.3/3426783-3423880,2904.0000000000073,1852.9538081190233,2169942.0,91.71927473927761,0.3333333333333325,11.684956008818084,40242.16885308246,40249.09939112628,918.2375656625107,1178.672232483199,1852.9538081190233,2790.8251954187726,2169850.2807252607,1619990001.796762,1612.1529629355737,806.0764814677868,13.857496161529738,0.0783540913799786,0.2534956136009989,rRNA
pre_27_train_U00096.3/2729025-2726292,2734.000000000001,1814.2173743289757,1926067.9999999998,72.28037231523456,0.33333333333333326,11.322776160712625,36811.683226932175,36818.41727678764,829.5381156797239,1087.640071240261,1814.2173743289757,2649.425577816112,1925995.7196276844,1355595850.7676542,1561.7855065758508,780.8927532879254,13.464404984247317,0.07495848152344962,0.2621258505566702,rRNA
pre_28_train_U00096.3/4210202-4212928,2727.0000000000005,1791.361503132114,1916247.0,93.37347958274322,0.33333333333333326,11.324781309676737,36670.569289281564,36677.29474908855,838.0743920178089,1076.7635013963445,1791.361503132114,2663.5259506951256,1916153.6265204172,1345223950.1115186,1586.7624492987811,793.3812246493906,13.447220128082712,0.0765440936698,0.26772442761256393,rRNA
pre_29_train_U00096.3/4037678-4040405,2727.999999999995,1799.0179139803724,1917102.0,24.9522533922579,0.333333333333334,11.321211584719885,36679.88983080511,36686.61453336978,866.159073627304,1129.2525401765126,1799.0179139803724,2627.8341938572453,1917077.0477466078,1345907685.9200587,1498.5816536807326,749.2908268403663,13.445707415984302,0.07598022433857718,0.2537145270760934,rRNA
pre_30_train_U00096.3/225918-228644,2726.999999999999,1803.6830645648952,1915907.0,115.24266576896792,0.3333333333333334,11.333192064779588,36664.52465258482,36671.249003792684,821.3306155714268,1057.643700203752,1803.6830645648952,2655.4747956002766,1915791.757334231,1344780503.4981658,1597.8310953965247,798.9155476982623,13.445003539635069,0.0755485263357978,0.26333487427063157,rRNA
pre_31_train_U00096.3/3426624-3423891,2733.9999999999914,1788.8155594667312,1926010.0,77.78239334854342,0.3333333333333344,11.315906218033124,36810.43599307131,36817.16981476728,830.2277873599927,1113.3360418148545,1788.8155594667312,2664.2610492211925,1925932.2176066514,1355503993.169411,1550.925007406338,775.462503703169,13.463948790443096,0.07703123435249465,0.2583010273352091,rRNA
nameseq,average,median,maximum,minimum,peak,none_levated_peak,sample_standard_deviation,population_standard_deviation,percentile15,percentile25,percentile50,percentile75,amplitude,variance,interquartile_range,semi_interquartile_range,coefficient_of_variation,skewness,kurtosis,label
pre_0_train_U00096.3/2025313-2025227,87.00000000000001,54.98961575093105,1971.0,11.798350839288506,0.33333333333333326,1.90040558633153,206.12617495116916,207.32111930922017,29.783347841906355,40.46277730745631,54.98961575093105,94.71746974662915,1959.2016491607114,42982.04651162791,54.25469243917284,27.12734621958642,2.3692663787490704,0.46588528977436494,0.31011449544285574,sRNA
pre_1_train_U00096.3/2924515-2924156,359.99999999999983,222.0716473128059,34842.0,34.67823338155527,0.3333333333333335,4.0325802511244,1826.634062969373,1829.176352387518,120.2284287456093,154.35248451983193,222.0716473128059,336.5077300513737,34807.32176661844,3345886.128133705,182.15524553154177,91.07762276577088,5.0739835082482605,0.22652871007394526,0.25206179584916844,sRNA
pre_2_train_U00096.3/4049889-4050007,119.00000000000003,80.43489559421754,3735.0,12.06391279455555,0.33333333333333326,2.2485181850199645,336.392627743237,337.81501306313703,40.02565537118276,51.41044428457612,80.43489559421754,115.36540886277655,3722.9360872054444,114118.98305084746,63.954964578200425,31.977482289100212,2.826828804565016,0.34392939581796017,0.2702951458269355,sRNA
pre_3_train_U00096.3/4158394-4158285,110.0,74.75301723883373,3058.0,10.722928779593659,0.3333333333333333,2.188988989690747,287.1236667361296,288.43774072619095,26.249666013239477,42.11307657506056,74.75301723883373,108.16031887896412,3047.2770712204065,83196.33027522935,66.04724230390356,33.02362115195178,2.610215152146633,0.36827667146183424,0.24675533781572914,sRNA
pre_4_train_U00096.3/3580987-3580923,64.99999999999997,45.35150925883111,1105.0,3.926412740295793,0.3333333333333335,1.6557734688635506,132.87588193498473,133.90995108654172,21.196159619080344,27.89880532028402,45.35150925883111,68.98862772639119,1101.0735872597043,17931.875,41.08982240610717,20.544911203053584,2.0442443374613046,0.4436130271733452,0.2946645768109056,sRNA
pre_5_train_U00096.3/1146589-1146757,169.00000000000003,106.8193895904948,7575.0,16.63622659494347,0.3333333333333333,2.727008239591651,575.5432216610668,577.2536064768034,57.30172631084684,71.54917297349786,106.8193895904948,178.45523204072063,7558.363773405056,333221.7261904762,106.90605906722277,53.453029533611385,3.40558119326075,0.3241143743994414,0.30505142864768053,sRNA
pre_6_train_U00096.3/2814802-2814873,72.00000000000001,51.127841264177405,1326.0,6.0,0.33333333333333326,1.7276191755128854,152.0986521965267,153.16602425445237,22.242479071247313,28.410218459859987,51.127841264177405,71.66725257122557,1320.0,23459.830985915494,43.257034111365584,21.628517055682792,2.112481280507315,0.4116833075322789,0.32363846125465373,sRNA
pre_7_train_U00096.3/2976189-2976102,87.99999999999999,63.510235597450496,2064.0,4.760477260964231,0.33333333333333337,1.9043305261825008,213.976634238414,215.20287140758361,33.19924926982669,51.86637847241021,63.510235597450496,75.02840984222449,2059.2395227390357,46312.275862068964,23.16203136981428,11.58101568490714,2.4315526618001595,0.3433519433985888,0.14423875004435913,sRNA
pre_8_train_U00096.3/2976385-2976304,81.99999999999997,55.71311426845395,1702.0,14.787042464640706,0.3333333333333334,1.8253811819133685,182.62529945218435,183.74915805635615,35.67537285692067,41.91313508358666,55.71311426845395,76.10111139643485,1687.2129575353592,33763.753086419754,34.187976312848186,17.093988156424093,2.227137798197371,0.43181671669365645,0.20721375528272368,sRNA
pre_9_train_U00096.3/3350577-3350684,107.99999999999997,76.67949192431122,2948.0,7.795139080117562,0.3333333333333334,2.122109704363073,277.54278949380034,278.8367022865822,33.92586263409651,52.834025797480976,76.67949192431122,107.49964684043823,2940.2048609198823,77749.90654205608,54.665621042957255,27.332810521478628,2.5698406434611147,0.3385478844485172,0.2546178124175771,sRNA
pre_10_train_U00096.3/3986432-3986638,206.99999999999986,142.88431178338857,10899.0,5.452509890056903,0.33333333333333354,3.0029541960519137,749.7732990711258,751.5909339786072,64.67021193911388,88.4110551413294,142.88431178338857,218.3874834901272,10893.547490109942,564888.9320388349,129.9764283487978,64.9882141743989,3.6220932322276638,0.2565402967645387,0.31062751927558907,sRNA
pre_11_train_U00096.3/4051036-4051289,254.00000000000026,167.49869340149496,17178.0,19.105205473522396,0.33333333333333304,3.377343188963315,1068.843300021102,1070.9535553825672,86.38403019878623,105.14949715137334,167.49869340149496,245.34062689427356,17158.894794526477,1146941.5177865613,140.19112974290022,70.09556487145011,4.208044488272051,0.24278949008745487,0.2671455717539885,sRNA
pre_12_train_U00096.3/1923100-1923244,145.0,91.79423059461033,5331.0,11.289746225103176,0.33333333333333337,2.4957181328734284,437.7373641808522,439.2546559545815,53.98155684957847,63.36416253353167,91.79423059461033,138.47419502549698,5319.710253774897,192944.65277777778,75.11003249196531,37.55501624598266,3.0188783736610496,0.3646417264719097,0.25157854654416745,sRNA
pre_13_train_U00096.3/888054-887976,78.99999999999997,45.2262870792741,1795.0,10.219137510526542,0.3333333333333334,1.8803563111533244,197.08881246788206,198.34817871611526,30.762247739185458,33.39353740286752,45.2262870792741,77.76300064641664,1784.7808624894735,39342.0,44.36946324354912,22.18473162177456,2.494795094530154,0.5140887374248555,0.2813034098142021,sRNA
pre_14_train_U00096.3/1923203-1923104,100.0,68.13432611870056,2554.0,7.887801525402147,0.33333333333333337,2.0819443431946376,250.9501942617299,252.21443497968392,36.22352586666256,48.14610951330851,68.13432611870056,93.55748548359391,2546.112198474598,63612.121212121216,45.4113759702854,22.7056879851427,2.509501942617299,0.3809402177397595,0.1904904614981526,sRNA
pre_15_train_U00096.3/2167112-2167197,86.00000000000006,52.02856609807431,1948.0,20.327534514246118,0.33333333333333315,1.876027617729605,205.29490982486632,206.4989958670929,30.854722274437997,34.42963610794825,52.02856609807431,83.3219455895536,1927.672465485754,42641.83529411765,48.892309481605345,24.446154740802672,2.38715011424263,0.49642878039557164,0.274931930979122,sRNA
pre_16_train_U00096.3/3121358-3121579,221.99999999999991,144.01338788581666,12558.0,5.432106888420587,0.3333333333333335,3.1316591544947454,835.183812103659,837.0712355550543,66.9258188115486,98.32459074536922,144.01338788581666,233.9820552286149,12552.56789311158,700688.2533936652,135.6574644832457,67.82873224162284,3.762089243710177,0.28012975461443906,0.26992442323114646,sRNA
pre_17_train_U00096.3/1764768-1764708,60.999999999999986,40.31453038208242,1009.0,7.159413487629754,0.33333333333333337,1.620100790717581,124.85191228010886,125.88804550075436,16.832745385178058,24.920744446153453,40.31453038208242,68.52486632057588,1001.8405865123702,15847.8,43.60412187442243,21.802060937211216,2.0467526603296538,0.49704011512877244,0.3232458431369295,sRNA
pre_18_train_U00096.3/1230629-1230707,78.99999999999997,43.69826527051742,1737.0,13.894603058364778,0.3333333333333334,1.8496409498025872,191.326945305673,192.5494941367224,24.85977102280574,34.18961941197473,43.69826527051742,70.92959164495355,1723.1053969416353,37075.307692307695,36.739972232978815,18.369986116489407,2.4218600671604187,0.5535300008017611,0.18458201407459204,sRNA
pre_19_train_U00096.3/3664861-3664974,114.00000000000001,80.91196331237526,3338.0,6.0,0.3333333333333333,2.224090267504064,308.12010645201326,309.48046673745887,38.9050367866697,49.760104745094154,80.91196331237526,107.28626698484098,3332.0,95778.1592920354,57.526162239746824,28.763081119873412,2.7028079513334493,0.32216044323071036,0.2336959739794114,sRNA
pre_20_train_U00096.3/2071315-2071518,203.99999999999977,124.47836497800604,10834.0,5.029380919103485,0.3333333333333337,3.019204915782225,754.0941585770307,755.9492515612146,62.44431696999928,82.45623251414426,124.47836497800604,196.4324221232178,10828.970619080896,571459.2709359606,113.97618960907354,56.98809480453677,3.6965399930246647,0.3163595717491714,0.25512824579463583,sRNA
pre_21_train_U00096.3/2653855-2654158,303.99999999999983,213.90245465416388,23418.0,16.038134579180372,0.3333333333333335,3.7064174929249396,1334.8902576616551,1337.09123237585,94.33111058084602,127.43868988436887,213.90245465416388,292.73246555584,23401.96186542082,1787812.9636963697,165.29377567147114,82.64688783573557,4.391086373887026,0.2024830389510693,0.2573889320006682,sRNA
pre_22_train_U00096.3/189760-189846,87.00000000000001,64.81026767102995,1901.0,14.868398516516507,0.33333333333333326,1.8810614358978168,198.11612756158948,199.26463647330203,28.891206620250077,41.451931342890084,64.81026767102995,85.20179164555732,1886.1316014834836,39706.395348837206,43.74986030266724,21.87493015133362,2.2771968685240167,0.336010994189332,0.25328746281417175,sRNA
pre_23_train_U00096.3/2691340-2691193,148.00000000000009,108.57383192316234,5548.0,18.1731398054649,0.33333333333333315,2.514032527416632,449.41072528367636,450.93674232449865,56.10178182553326,64.35329967105552,108.57383192316234,153.75424799224166,5529.826860194535,203343.9455782313,89.40094832118614,44.70047416059307,3.036558954619433,0.26318576210181377,0.31610790296551217,sRNA
pre_24_train_U00096.3/686843-686681,163.00000000000009,103.48448700323782,6675.0,14.962737035301659,0.33333333333333315,2.700826503793213,517.5248786290376,519.119720248246,51.61511744615333,57.409822870157164,103.48448700323782,167.79333615335537,6660.037262964698,269485.2839506173,110.3835132831982,55.1917566415991,3.1749992553928674,0.3450008808528588,0.27809060131666524,sRNA
pre_25_train_U00096.3/1888102-1888017,86.00000000000006,57.03065252983566,1868.0,8.904830280651687,0.33333333333333315,1.899381005965471,196.78414570284872,197.93831481193385,31.654048644841758,38.43372637861279,57.03065252983566,88.45923366621707,1859.0951697193484,39179.57647058823,50.025507287604285,25.012753643802142,2.2881877407307973,0.44164148539551307,0.25592203205273095,sRNA
pre_26_train_U00096.3/2640686-2640595,92.00000000000004,68.7081857604389,2142.0,1.322312659455892,0.3333333333333332,1.965325206659008,219.40829519414254,220.61054142767293,27.053153535197826,32.46126156034097,68.7081857604389,98.52975398203719,2140.6776873405443,48669.01098901099,66.06849242169622,33.03424621084811,2.3848727738493745,0.31847220113922514,0.29945703169389937,sRNA
pre_27_train_U00096.3/4190487-4190327,161.00000000000006,107.41730047913079,6635.0,19.54903435543016,0.3333333333333332,2.606404724742818,515.699524917369,517.3085757069953,62.177684855795334,72.73674193655444,107.41730047913079,162.6696643770971,6615.45096564457,267608.1625,89.93292244054265,44.96646122027133,3.2031026392383155,0.31170883585429837,0.2879539286299148,sRNA
pre_28_train_U00096.3/1491506-1491443,63.99999999999999,44.77103529635942,1124.0,6.804040507106677,0.33333333333333337,1.6395762093583277,136.8575902169843,137.93948523646733,20.680258434869383,28.743313890801332,44.77103529635942,60.28546675751511,1117.1959594928933,19027.301587301587,31.542152866713778,15.771076433356889,2.1383998471403802,0.4215103745394068,0.26221389324101646,sRNA
pre_29_train_U00096.3/2033649-2033738,89.99999999999993,53.993946842296964,2844.0,12.336836760652362,0.3333333333333336,2.1146669317485043,294.45882564460516,296.10846782741817,23.388449488470748,34.52876246878294,53.993946842296964,74.98502014474144,2831.663163239348,87680.22471910113,40.4562576759585,20.22812883797925,3.2717647293845045,0.3668362095673118,0.2634624781020813,sRNA
pre_30_train_U00096.3/1622948-1622735,214.00000000000014,141.7862282499025,11622.0,26.730113478052786,0.3333333333333331,3.035988335223598,786.7426516974913,788.5873028855464,75.99878314376733,91.82087593695249,141.7862282499025,209.37491526144044,11595.269886521946,621869.9342723005,117.55403932448795,58.77701966224397,3.6763675312966857,0.2753649046265172,0.26442509864446156,sRNA
pre_31_train_U00096.3/4278066-4277926,140.99999999999994,93.93372252718657,5105.0,17.015627897570813,0.3333333333333335,2.448411070040224,424.14148582754785,425.6535814821384,47.79652953070949,68.20915858241172,93.93372252718657,121.84130351485227,5087.984372102429,181180.9714285714,53.63214493244055,26.816072466220277,3.0080956441670073,0.33290502612104844,0.16507936066450254,sRNA
pre_32_train_U00096.3/1409129-1409246,117.99999999999996,66.58753381613352,3606.0,11.44531928052703,0.3333333333333335,2.242768328992438,327.3133055651725,328.70910424519,40.31280323928039,48.37361578257136,66.58753381613352,123.92031196110305,3594.554680719473,108049.67521367522,75.54669617853169,37.773348089265845,2.7738415725862087,0.47122251350362093,0.2849825718522035,sRNA
pre_33_train_U00096.3/458816-458721,95.99999999999996,51.94743065924351,2388.0,14.825568179553745,0.3333333333333335,2.0745603296881616,241.85119391890538,243.12076271507107,26.01559529408241,36.812387395871326,51.94743065924351,95.98283270065333,2373.1744318204464,59107.70526315789,59.17044530478201,29.585222652391003,2.5192832699885988,0.5464422394647465,0.22080303343434587,sRNA
pre_34_train_U00096.3/123014-122901,113.99999999999999,89.03889439996873,3436.0,4.488752839765381,0.33333333333333337,2.177148905580024,314.6331196806846,316.0222351312406,42.022710774292364,53.56156176822373,89.03889439996873,110.29522297053198,3431.5112471602347,99870.05309734514,56.73366120230825,28.366830601154124,2.7599396463217953,0.23800201604996793,0.33522298373188714,sRNA
pre_35_train_U00096.3/14090-14167,77.99999999999999,46.4244892680034,1542.0,8.434085798428596,0.33333333333333337,1.8270446217297522,171.92440199110771,173.03719290912613,18.99997421279795,32.02145134712407,46.4244892680034,79.03217226842256,1533.5659142015713,29941.87012987013,47.010720921298486,23.505360460649243,2.2041589998859967,0.5509778198960332,0.21463154714607993,sRNA
pre_36_train_U00096.3/4441334-4441277,58.0,40.05913626646415,876.0,7.283312969479008,0.3333333333333333,1.5709975969649816,110.84223021935277,111.81030301206201,19.07391531324098,25.23592940075752,40.05913626646415,63.700703682763084,868.716687030521,12501.543859649122,38.464774282005564,19.232387141002782,1.911072934816427,0.4855783855493938,0.3042296980953594,sRNA
pre_37_train_U00096.3/4332047-4332212,166.00000000000003,112.32031208378561,7138.0,14.474799985015846,0.3333333333333333,2.6594654901094574,546.9497234664261,548.6046432044251,59.50858990777613,73.20173065647329,112.32031208378561,153.59826000541548,7123.525200014984,300967.05454545456,80.3965293489422,40.1982646744711,3.2948778522073856,0.29443120060107036,0.24285233383988777,sRNA
pre_38_train_U00096.3/4235709-4235560,150.0,86.38624320448224,6428.0,4.101979546814819,0.3333333333333333,2.648353487322262,520.993282106401,522.7386581246757,39.38807060147857,50.1278562004062,86.38624320448224,143.16566790117565,6423.898020453185,273255.7046979866,93.03781170076945,46.518905850384726,3.473288547376007,0.366302746966281,0.28918558954097434,sRNA
pre_39_train_U00096.3/110960-111029,70.0,51.52899219288314,1228.0,14.410012708781919,0.3333333333333333,1.665890047700915,142.13373983681709,143.1599895525829,22.145144441956482,27.57587437794023,51.52899219288314,74.32054314586556,1213.589987291218,20494.782608695652,46.744668767925326,23.372334383962663,2.0304819976688155,0.3898653724651863,0.30388760155540323,sRNA
pre_40_train_U00096.3/3915284-3915441,158.00000000000006,105.72403373252905,6498.0,18.221429274790506,0.3333333333333332,2.6408906675182426,510.69952026607587,512.3233702153258,52.97823143926045,62.536147883780764,105.72403373252905,162.6005139342279,6479.77857072521,262475.2356687898,100.06436605044715,50.032183025223574,3.232275444721998,0.30708448427894597,0.2962823906758448,sRNA
pre_41_train_U00096.3/4060215-4060283,69.00000000000001,39.86549428280663,1275.0,5.215934388794293,0.33333333333333326,1.7210440387517063,153.2514273995515,154.37416348904105,19.0483173775788,27.057784518537233,39.86549428280663,54.09728851437942,1269.7840656112057,23831.382352941175,27.03950399584219,13.519751997921094,2.2210351797036445,0.5703275893392166,0.18476838040820062,sRNA
pre_42_train_U00096.3/543188-543254,67.00000000000003,46.83532640354988,1359.0,9.67887287433494,0.33333333333333315,1.689653771316412,160.9347693943108,162.14938865880512,20.197454925915086,21.671071365521097,46.83532640354988,64.93634414138964,1349.321127125665,26292.424242424244,43.26527277586854,21.63263638793427,2.402011483497175,0.3758915554235043,0.3077947383461577,sRNA
pre_43_train_U00096.3/2087283-2087209,75.00000000000001,54.59614297307915,1439.0,7.253040406275558,0.33333333333333326,1.7513553854645434,161.83942659315127,162.92926669553862,24.126706665809913,29.437056906406045,54.59614297307915,71.32797197160428,1431.7469595937243,26545.945945945947,41.89091506519824,20.94545753259912,2.157859021242017,0.37822409760906156,0.22542246606998537,sRNA
pre_44_train_U00096.3/1335499-1335701,203.0,126.39887623585315,10417.0,17.106639596321426,0.33333333333333337,3.0116727831972265,727.2069856650168,729.0047807093104,61.731446471694305,76.12095734133743,126.39887623585315,177.19785638883448,10399.89336040368,531447.9702970297,101.07689904749705,50.538449523748525,3.5823004219951566,0.31600820099698274,0.19785696398810976,sRNA
pre_45_train_U00096.3/1737843-1737453,390.99999999999994,263.484045716221,38989.0,19.78624642498046,0.3333333333333334,4.18955471483713,1962.7139373836421,1965.2286263552528,120.94066746213925,155.32279767917947,263.484045716221,393.0557626178372,38969.21375357502,3862123.553846154,237.73296493865774,118.86648246932887,5.019728740111617,0.19490759991304946,0.27890943826232056,sRNA
pre_46_train_U00096.3/1795311-1795153,159.0,111.63626212728204,6495.0,13.24525033152527,0.3333333333333333,2.6521378004109057,508.5233524627949,510.13006532089815,49.4699816293011,61.87597761905969,111.63626212728204,168.7092992507554,6481.754749668475,260232.68354430379,106.83332163169572,53.41666081584786,3.198260078382358,0.2794192497355364,0.30344721291341464,sRNA
pre_47_train_U00096.3/940868-940734,135.00000000000003,85.25022699332177,5055.0,15.48026657375536,0.33333333333333326,2.4318728427882093,428.5417132555476,430.1377773024436,51.38836295944815,60.0256740745795,85.25022699332177,118.22110091851982,5039.519733426245,185018.50746268657,58.195426843940325,29.097713421970163,3.174383061152204,0.3482725587813071,0.23031222250070485,sRNA
pre_48_train_U00096.3/4326081-4326005,77.0,46.85200974223673,1619.0,3.9582707605182206,0.33333333333333337,1.8353222898139256,181.23465452280368,182.42309122072874,22.137910021691592,32.45482677703037,46.85200974223673,81.72281178916855,1615.0417292394818,33278.18421052631,49.267985012138176,24.633992506069088,2.3536968119844635,0.49904346942604055,0.23118745875865188,sRNA
pre_49_train_U00096.3/4326181-4326105,76.99999999999999,42.3985779128783,1575.0,6.425729602782426,0.3333333333333334,1.8328837944200682,176.77669529663686,177.93589916182265,23.182797515047287,26.35391196278449,42.3985779128783,81.76308460862533,1568.5742703972176,31661.184210526317,55.40917264584084,27.70458632292042,2.2958012376186607,0.5872056047160416,0.2385967998090813,sRNA
pre_50_train_U00096.3/4326381-4326305,77.00000000000001,44.63721250076044,1639.0,7.861256886492608,0.3333333333333333,1.8157651109777762,183.6355085488643,184.83968872056616,22.84531117345556,28.275863438858558,44.63721250076044,69.19319759062661,1631.1387431135074,34165.71052631579,40.91733415176805,20.458667075884026,2.3848767344008346,0.5287014655549805,0.20615960042007153,sRNA
pre_51_train_U00096.3/216058-216134,77.00000000000001,43.750411853240195,1577.0,5.865942411776096,0.3333333333333333,1.8421117655086552,178.03370467414308,179.20115131209104,15.230661319558994,23.69728112485497,43.750411853240195,77.61819151694979,1571.1340575882239,32113.052631578947,53.920910392094825,26.960455196047413,2.3121260347291304,0.5602802268416008,0.2285376460564121,sRNA
pre_52_train_U00096.3/3139624-3139700,77.00000000000001,44.79093392883554,1597.0,8.745755372372141,0.3333333333333333,1.83450135865167,179.34324631833783,180.5192802066189,21.184494431349833,25.5463343964663,44.79093392883554,79.10273754585688,1588.254244627628,32587.21052631579,53.55640314939058,26.77820157469529,2.329133069069322,0.5387835906682441,0.27735455572061696,sRNA
pre_53_train_U00096.3/4027473-4027550,77.99999999999997,46.03094141606423,1618.0,10.035966832367494,0.3333333333333335,1.833452105250479,180.46052199858008,181.6285634610786,21.7820287322726,28.990842373445272,46.03094141606423,74.663114180201,1607.9640331676326,32988.93506493507,45.67227180675573,22.836135903377865,2.3135964358792327,0.531457931572213,0.1824299517250298,sRNA
pre_54_train_U00096.3/758482-758412,71.00000000000003,45.2098271540053,1383.0,10.387339671975116,0.3333333333333332,1.7337274201843196,159.9874995116806,161.12621494610102,25.083774130438265,30.222979785797534,45.2098271540053,73.32934024163441,1372.612660328025,25961.657142857144,43.10636045583688,21.55318022791844,2.253345063544796,0.48360352386365907,0.273421466450162,sRNA
pre_55_train_U00096.3/375263-375186,77.99999999999999,52.0,1622.0,3.7907517109186735,0.33333333333333337,1.809501311347045,179.7498261473429,180.91326758867186,25.98269955790046,30.357278239835875,52.0,77.7909569732252,1618.2092482890814,32729.61038961039,47.43367873338933,23.716839366694664,2.3044849506069607,0.433936441952731,0.2739807557644644,sRNA
pre_56_train_U00096.3/4457188-4457265,78.0,50.92939020577295,1580.0,6.052542176404699,0.3333333333333333,1.8228752202956866,175.89769754036007,177.03620585015423,19.206796172115304,27.34454463162573,50.92939020577295,80.27955473282691,1573.9474578235954,31341.81818181818,52.93501010120118,26.46750505060059,2.2550986864148728,0.46169921788798257,0.24320719735642915,sRNA
pre_57_train_U00096.3/4218439-4218516,77.99999999999997,46.121739311364294,1626.0,6.425807350628096,0.3333333333333335,1.79949775497763,180.3940132044298,181.56162418480227,27.613229617540092,34.46167047732895,46.121739311364294,73.0,1619.574192649372,32964.62337662338,38.53832952267105,19.269164761335524,2.312743759031152,0.5301438798721653,0.1922752949522903,sRNA
pre_58_train_U00096.3/375162-375085,77.99999999999999,54.328121927661975,1642.0,7.324327794178557,0.33333333333333337,1.8181140231004802,181.6755349517375,182.85144065784482,21.071910192886197,29.391388012021125,54.328121927661975,76.5757795161111,1634.6756722058215,33434.64935064935,47.18439150408997,23.592195752044987,2.329173525022276,0.39089266607019757,0.2520405484460989,sRNA
pre_59_train_U00096.3/4249324-4249394,70.99999999999999,45.38589985849187,1335.0,4.389063933983631,0.3333333333333334,1.7361893896562652,154.76433697722481,155.86587640844107,23.970006147141437,31.43716796585253,45.38589985849187,67.13692625526397,1330.6109360660164,24294.17142857143,35.69975828941144,17.84987914470572,2.17977939404542,0.4965116765617165,0.18096258122503905,sRNA
pre_60_train_U00096.3/4285305-4285375,70.99999999999997,41.440245205880245,1319.0,10.567307935533819,0.3333333333333335,1.7170573852082394,152.91827882892218,154.00667889042066,23.64852412243465,25.56204790637252,41.440245205880245,72.92067227458239,1308.4326920644662,23718.057142857142,47.35862436820987,23.679312184104933,2.153778575055243,0.5799127812677606,0.26808353052042544,sRNA
pre_61_train_U00096.3/508585-508662,77.99999999999997,55.45740018368883,1646.0,8.377367573336102,0.3333333333333335,1.8170079285091483,181.42215961673477,182.59642533591546,27.26627685562253,37.06530725712034,55.45740018368883,78.84385190431769,1637.6226324266638,33341.454545454544,41.77854464719735,20.889272323598675,2.3259251232914724,0.37276482427395424,0.25488916587081395,sRNA
pre_62_train_U00096.3/411134-411213,79.99999999999999,51.267696826398364,1704.0,12.698891862700822,0.3333333333333334,1.845917239615563,186.09137540466511,187.26546513006542,22.659640998732467,29.43076829984919,51.267696826398364,86.54141105440252,1691.3011081372993,35068.354430379746,57.110642754553325,28.555321377276663,2.3261421925583146,0.46319669212700115,0.28010208224844213,sRNA
pre_63_train_U00096.3/377391-377468,77.99999999999997,48.90096810945544,1652.0,1.4241598150457273,0.3333333333333335,1.8449259779211484,182.79496710795948,183.97811840528223,21.202708359682802,31.31540993434404,48.90096810945544,89.9066694482013,1650.5758401849544,33847.94805194805,58.59125951385726,29.29562975692863,2.3435252193328147,0.47756837648640277,0.31259868596306045,sRNA
pre_64_train_U00096.3/4103587-4103510,78.00000000000001,57.072108081095124,1570.0,2.7957279290011745,0.33333333333333326,1.8291492890179546,174.26416728633575,175.39210247439766,23.32534546066586,28.43589836356621,57.072108081095124,77.13990721030291,1567.2042720709987,30762.38961038961,48.7040088467367,24.35200442336835,2.234155990850458,0.36027874653975184,0.2538863388602225,sRNA
pre_65_train_U00096.3/111549-111626,78.00000000000001,52.86989060013683,1574.0,11.808798767467056,0.33333333333333326,1.8080296000005636,173.26280616450833,174.38425998314793,27.115721702810028,33.829096360534635,52.86989060013683,82.94417915808799,1562.1912012325329,30409.87012987013,49.115082797553356,24.557541398776678,2.2213180277501063,0.4351212465531032,0.34228935630293156,sRNA
pre_66_train_U00096.3/837658-837588,70.99999999999996,49.54841538342681,1319.0,10.31897895645419,0.33333333333333354,1.70151765047617,152.31546211727817,153.39957161422768,22.15170015553232,26.54062793561517,49.54841538342681,66.73447081370058,1308.6810210435458,23531.428571428572,40.19384287808541,20.096921439042706,2.1452881988349053,0.422509658278608,0.2662471581054803,sRNA
pre_67_train_U00096.3/339880-339811,69.99999999999999,41.73668151199924,1276.0,9.433764376410851,0.33333333333333337,1.7357411765010773,149.75980769218424,150.84111998477363,16.972998955755056,25.009939727361065,41.73668151199924,72.10858765374569,1266.5662356235891,22753.043478260868,47.09864792638462,23.54932396319231,2.139425824174061,0.5661729723790726,0.2692189221585916,sRNA
pre_68_train_U00096.3/111433-111509,77.00000000000001,49.727154509538934,1545.0,15.66528802133216,0.3333333333333333,1.7804546466141988,171.74399552822797,172.87019772985133,27.00713203007076,31.439576890705144,49.727154509538934,68.49248826810924,1529.3347119786679,29884.105263157893,37.0529113774041,18.52645568870205,2.2304415003665965,0.47639823575628576,0.23232744608090392,sRNA
pre_69_train_U00096.3/2317027-2316951,76.99999999999999,45.98639773394011,1525.0,5.334381093074308,0.3333333333333334,1.8011050431997004,170.5872210923198,171.7058378065292,24.598438866953156,34.89702680902151,45.98639773394011,67.16502263071615,1519.6656189069256,29482.894736842107,32.26799582169464,16.13399791084732,2.2154184557444134,0.5454148687247038,0.15251635204143174,sRNA
pre_70_train_U00096.3/4614462-4614540,78.99999999999999,43.290463244274996,1659.0,8.609151270758867,0.33333333333333337,1.8541224039387965,184.5210015147327,185.70006144455854,22.734125310194322,26.346102493934293,43.290463244274996,71.66533405434389,1650.390848729241,34484.51282051282,45.31923156040959,22.659615780204795,2.3357088799333257,0.5805767873995714,0.19243591230212648,sRNA
pre_71_train_U00096.3/3392198-3392129,69.99999999999997,47.16267670807057,1302.0,10.0,0.3333333333333334,1.6802131935223714,150.37286989347513,151.45860868543437,28.39679132561783,31.941460886968507,47.16267670807057,62.933624264133904,1292.0,22939.710144927536,30.992163377165397,15.496081688582699,2.148183855621074,0.45561390112672856,0.22788863572363144,sRNA
pre_72_train_U00096.3/4296024-4296094,70.99999999999999,43.61655235562712,1323.0,3.3628199111499413,0.3333333333333334,1.7384131931680649,153.27100182356736,154.36191240069553,26.364070693227045,31.24006052763957,43.61655235562712,70.8139543038612,1319.63718008885,23827.6,39.573893776221624,19.786946888110812,2.1587465045572873,0.535980987634459,0.2364351551254938,sRNA
pre_73_train_U00096.3/248203-248280,77.99999999999996,47.86044215276519,1602.0,4.0860774498170365,0.33333333333333354,1.8137383571426409,178.1740721878467,179.32731446794634,23.79764469252359,32.526995510743276,47.86044215276519,73.48904177771698,1597.9139225501829,32158.285714285714,40.9620462669737,20.48102313348685,2.2842829767672663,0.5074738003763928,0.2094027241876172,sRNA
pre_74_train_U00096.3/4614361-4614439,79.00000000000003,50.27730737513148,1659.0,9.089315350564283,0.3333333333333332,1.8372915859735635,183.2921165789735,184.46332412899304,22.201522313021343,28.220064812477485,50.27730737513148,68.4055803194646,1649.9106846494358,34026.717948717946,40.185515506987116,20.092757753493558,2.320153374417385,0.47011338775980116,0.19897058037188664,sRNA
pre_75_train_U00096.3/2347277-2347207,71.00000000000003,42.90560380979961,1417.0,13.502112379346586,0.3333333333333332,1.7318377331570713,163.82307529771256,164.98909054843597,20.042892653779898,27.759688329209197,42.90560380979961,74.82653895577792,1403.4978876206535,27221.4,47.06685062656872,23.53342531328436,2.3073672577142603,0.5144769039247677,0.3205305235608185,sRNA
pre_76_train_U00096.3/2304646-2304729,84.00000000000003,47.068580552771785,1886.0,2.0,0.3333333333333332,1.897888939818382,202.56357026869367,203.78017922698746,28.729705062340074,32.16263646743132,47.068580552771785,77.10615604180825,1884.0,41526.361445783135,44.94351957437693,22.471759787188464,2.411471074627305,0.5469604341724423,0.19215583333475023,sRNA
pre_77_train_U00096.3/3392289-3392220,70.0,49.02225571857658,1326.0,14.0,0.3333333333333333,1.703060363653982,153.44054223053308,154.54843056888137,25.482591105212176,30.75694724303974,49.02225571857658,67.93616898537788,1312.0,23885.217391304348,37.179221742338136,18.589610871169068,2.192007746150473,0.41014735694636506,0.28021976497398854,sRNA
pre_78_train_U00096.3/900752-900832,80.99999999999997,48.658010728801585,1825.0,8.838458799273546,0.3333333333333334,1.8631371256691251,198.02020098969703,199.25398364901014,28.142659228629796,34.98678861060805,48.658010728801585,85.49672436421983,1816.1615412007266,39702.15,50.50993575361178,25.25496787680589,2.4446938393789766,0.48998015014964763,0.3535881149872425,sRNA
pre_79_train_U00096.3/4614260-4614338,78.99999999999997,49.9475354104225,1635.0,10.672592122672636,0.3333333333333334,1.8304245506852908,180.83141320025123,181.98689724601266,21.46060711017674,28.674806974812242,49.9475354104225,73.02300535602795,1624.3274078773275,33119.23076923077,44.34819838121571,22.174099190607855,2.289005230382928,0.48198148887005055,0.2210168918476448,sRNA
pre_80_train_U00096.3/4053533-4053610,78.00000000000003,57.12733228556899,1618.0,6.305305949466865,0.3333333333333332,1.8690124665777275,180.95303258028034,182.12426184681368,11.892046142377914,25.678746246417912,57.12733228556899,77.89611789844673,1611.6946940505331,33169.246753246756,52.21737165202882,26.10868582601441,2.3199106741061573,0.3460456133306993,0.24475736829572403,sRNA
pre_81_train_U00096.3/3042395-3042472,77.99999999999994,54.69269775830067,1612.0,4.998626509975028,0.3333333333333336,1.8239324686780922,178.812751223172,179.97012739131668,28.960774397515785,34.4740292283405,54.69269775830067,69.1143965181303,1607.001373490025,32389.246753246753,34.64036728978981,17.320183644894904,2.2924711695278477,0.3910342313218476,0.2453701085068877,sRNA
pre_82_train_U00096.3/501447-501524,77.99999999999997,49.10906685001162,1610.0,15.502527447104866,0.3333333333333335,1.815523688062168,177.67948671695333,178.8295277631745,29.846965277165914,37.231581315781696,49.10906685001162,72.62051625246691,1594.497472552895,31980.0,35.38893493668522,17.69446746834261,2.2779421373968383,0.4878041976113788,0.2001028028321383,sRNA
pre_83_train_U00096.3/2304759-2304842,83.99999999999997,52.061270927284724,1890.0,12.0,0.3333333333333334,1.8791590590409948,202.19792283799555,203.4123356958791,28.28718707889797,36.65974412551188,52.061270927284724,73.79383288161242,1878.0,41376.57831325301,37.13408875610054,18.56704437805027,2.4071181290237575,0.4738732518776433,0.1945949993776482,sRNA
pre_84_train_U00096.3/244132-244209,77.99999999999997,47.8455984258222,1588.0,6.175843445580337,0.3333333333333335,1.8141224909646823,176.90110231425916,178.0461052211353,21.0782125677549,30.957713451655227,47.8455984258222,79.6297816763868,1581.8241565544197,31700.415584415583,48.672068224731575,24.336034112365788,2.2679628501828106,0.5113772810857239,0.22777645488466852,sRNA
pre_85_train_U00096.3/2118524-2118594,70.99999999999999,37.879370598312164,1333.0,12.905145020804575,0.3333333333333334,1.7052053703654513,154.64152094440874,155.74218622912858,21.83785037214654,30.34293940069116,37.879370598312164,74.85722937289106,1320.0948549791954,24255.628571428573,44.51428997219989,22.257144986099945,2.178049590766321,0.642530463993448,0.25688586204750957,sRNA
pre_86_train_U00096.3/3231382-3231301,81.99999999999997,54.86041434751641,1894.0,15.896194823525109,0.3333333333333334,1.8728765338137383,204.1078146470634,205.36387459252498,27.19750670354496,35.67292175746809,54.86041434751641,81.02964499421137,1878.103805176475,42174.32098765432,45.35672323674328,22.67836161837164,2.4891196908178475,0.3989007334101213,0.27215376164323857,sRNA
pre_87_train_U00096.3/339973-339904,70.00000000000007,48.95247146783501,1326.0,9.124695035669266,0.333333333333333,1.7428832652904311,154.69324484281788,155.81017808282903,18.701119151652513,24.090169943749473,48.95247146783501,68.59068048729557,1316.8753049643308,24276.8115942029,44.5005105435461,22.25025527177305,2.2099034977545386,0.4081793336267119,0.25687922117085765,sRNA
pre_88_train_U00096.3/2662430-2662359,71.99999999999999,44.504656772609216,1362.0,6.0,0.3333333333333334,1.72795435067835,156.67163112701675,157.7710946588733,24.445938241462727,27.280477066674575,44.504656772609216,71.77223474734558,1356.0,24891.718309859156,44.491757680671,22.2458788403355,2.175994876764122,0.5264898890042146,0.26361465782409343,sRNA
pre_89_train_U00096.3/2568269-2568188,81.99999999999994,53.75676952237805,1882.0,10.790830588789792,0.33333333333333354,1.8775729355168547,202.79546346010798,204.04344732203907,29.119609677380332,33.369610036521834,53.75676952237805,77.90579414491945,1871.2091694112103,41633.72839506173,44.53618410839762,22.26809205419881,2.473115408050099,0.41780861360112675,0.2749517570441237,sRNA
pre_90_train_U00096.3/354690-354766,76.99999999999999,48.46022134558298,1575.0,16.716639685655387,0.3333333333333334,1.8086484979283937,177.5556250869006,178.7199367431448,22.490946109387362,24.940860681685223,48.46022134558298,69.85912446618185,1558.2833603143447,31940.815789473683,44.91826378449663,22.459131892248315,2.3059172089207873,0.48221134036923113,0.2718112511923905,sRNA
pre_91_train_U00096.3/4295911-4295981,70.99999999999999,43.646160846785364,1283.0,4.527501213421711,0.3333333333333334,1.711294322835614,148.78171930717832,149.84067729234465,23.910457804934474,30.03806772334476,43.646160846785364,77.32846678174914,1278.4724987865784,22452.22857142857,47.29039905840438,23.64519952920219,2.09551717334054,0.5515564535870007,0.23580106242452173,sRNA
pre_92_train_U00096.3/3392380-3392311,70.0,52.38425490835489,1366.0,11.403252247502312,0.3333333333333333,1.716005157592564,158.1328555360966,159.27462383286752,23.622543737268234,30.33614986032874,52.38425490835489,61.39396449464438,1354.5967477524978,25368.405797101448,31.05781463431564,15.52890731715782,2.2590407933728085,0.334195162009656,0.22029246484561602,sRNA
pre_93_train_U00096.3/4450947-4451025,79.00000000000006,46.463103606646236,1695.0,9.299234053157226,0.3333333333333331,1.8554868586901003,186.55830187906406,187.75037983504888,24.781570890519383,30.009654499224737,46.463103606646236,81.69447107533107,1685.7007659468427,35250.205128205125,51.68481657610633,25.842408288053164,2.3614974921400496,0.5232181478760315,0.2690625652977851,sRNA
pre_94_train_U00096.3/4094411-4094481,71.0,44.67272402957964,1309.0,9.011440695925174,0.33333333333333337,1.7083439097013964,151.24152868838638,152.3179944345757,25.527168148663286,27.269463474656273,44.67272402957964,74.90908227783115,1299.988559304075,23200.77142857143,47.63961880317487,23.819809401587435,2.130162375892766,0.5222231525706998,0.3541077196655767,sRNA
pre_95_train_U00096.3/1062488-1062410,79.0,48.249270320916864,1623.0,17.102616316108605,0.3333333333333333,1.8004008615943525,178.2133552795637,179.35211035050435,28.040609132292072,33.474669615848654,48.249270320916864,82.65226267624787,1605.8973836838913,32167.17948717949,49.17759306039922,24.58879653019961,2.255865256703338,0.5176502563039296,0.2779502614743303,sRNA
pre_96_train_U00096.3/4323249-4323329,80.99999999999999,52.950370147474786,1775.0,8.883929942744308,0.33333333333333337,1.8807887622734967,192.2342321232095,193.4319647834866,28.245843114704726,38.628499994162674,52.950370147474786,82.0493377721051,1766.1160700572557,37415.925,43.42083777794243,21.710418888971216,2.3732621249778956,0.4377414398474133,0.2671999548873093,sRNA
pre_97_train_U00096.3/3708275-3708354,80.0,46.115917735995495,1700.0,7.639320225002107,0.33333333333333337,1.8429034020864112,186.6815470259447,187.85936026854327,23.173787820849064,33.436902201533755,46.115917735995495,80.83299383043973,1692.3606797749978,35291.13924050633,47.39609162890598,23.69804581445299,2.333519337824309,0.5445222005680403,0.2270948938357933,sRNA
pre_98_train_U00096.3/3313325-3313255,71.0,46.17499045521769,1347.0,5.05983334533923,0.33333333333333337,1.733043050868472,156.21779668142804,157.32968115212262,24.86627534334948,29.68085078750396,46.17499045521769,63.946402423199984,1341.9401666546607,24752.62857142857,34.26555163569603,17.132775817848014,2.200250657484902,0.4767384396428432,0.20814544970446813,sRNA
pre_99_train_U00096.3/4245095-4245165,71.00000000000001,47.14572625231956,1289.0,11.728372696564124,0.33333333333333326,1.699267793970833,148.8690699910495,149.92864969711425,25.371272836375915,30.60236298780449,47.14572625231956,76.85391118039942,1277.271627303436,22478.6,46.25154819259493,23.125774096297466,2.096747464662669,0.48070980256237206,0.269388698183195,sRNA
pre_100_train_U00096.3/3231482-3231401,81.99999999999999,56.09346591906248,1910.0,9.041705593395989,0.33333333333333337,1.871245546019734,206.61074512231932,207.8822078622387,27.400190303159647,33.19743408368512,56.09346591906248,80.4131473037191,1900.958294406604,43215.01234567901,47.21571322003398,23.60785661001699,2.5196432331990164,0.3761643771082687,0.3263311792437122,sRNA
pre_101_train_U00096.3/4628698-4628776,79.0,50.22643850752229,1645.0,4.782849143342106,0.3333333333333333,1.8575886034672573,181.3560034848585,182.5148395793248,16.820510379032687,27.697197013217746,50.22643850752229,83.90786567564633,1640.2171508566578,33311.666666666664,56.21066866242859,28.105334331214294,2.2956456137323857,0.4759736805991101,0.2582196516915646,sRNA
pre_102_train_U00096.3/508662-508585,77.99999999999999,55.4574001836888,1646.0,8.377367573336098,0.33333333333333337,1.8170079285091483,181.42215961673477,182.59642533591546,27.266276855622532,37.06530725712034,55.4574001836888,78.8438519043177,1637.6226324266638,33341.454545454544,41.778544647197364,20.889272323598682,2.325925123291472,0.372764824273955,0.2548891658708141,sRNA
pre_103_train_U00096.3/2304420-2304503,84.00000000000001,51.12967483440109,1970.0,6.0,0.33333333333333326,1.9274777823619744,211.38590303045282,212.65549944871665,25.013961137983955,34.31198611234063,51.12967483440109,82.730789731185,1964.0,45222.361445783135,48.41880361884437,24.209401809422186,2.5164988456006285,0.46649740632226844,0.28086565451448275,sRNA
pre_104_train_U00096.3/508763-508686,77.99999999999997,50.84155156280846,1612.0,5.873643325697678,0.3333333333333335,1.8178530598683555,178.47128620593287,179.62645222144297,23.24816393670849,33.85644063091792,50.84155156280846,74.85639398850708,1606.1263566743023,32265.66233766234,40.999953357589156,20.499976678794578,2.288093412896576,0.45651794775302107,0.2252495053720071,sRNA
pre_105_train_U00096.3/375362-375287,76.0,50.7186812992302,1494.0,6.969897191818103,0.3333333333333333,1.792819483176223,166.99101772251106,168.10060479764294,28.875346967217617,31.972632177860596,50.7186812992302,69.99767091519232,1487.030102808182,28257.81333333333,38.02503873733172,19.01251936866586,2.197250233190935,0.4541798543221007,0.19300511341085827,sRNA
pre_106_train_U00096.3/375085-375162,78.00000000000001,54.32812192766196,1642.0,7.324327794178559,0.33333333333333326,1.8181140231004802,181.6755349517375,182.85144065784485,21.0719101928862,29.391388012021118,54.32812192766196,76.57577951611111,1634.6756722058215,33434.64935064935,47.184391504089994,23.592195752044997,2.329173525022275,0.39089266607019835,0.25204054844609897,sRNA
pre_107_train_U00096.3/375186-375263,78.0,52.0,1622.0,3.7907517109186712,0.3333333333333333,1.809501311347045,179.7498261473429,180.91326758867186,25.982699557900464,30.357278239835875,52.0,77.79095697322522,1618.2092482890814,32729.61038961039,47.43367873338934,23.71683936669467,2.3044849506069602,0.4339364419527313,0.27398075576446446,sRNA
pre_108_train_U00096.3/2593057-2592981,77.00000000000001,46.96202037065848,1557.0,10.135952777439499,0.3333333333333333,1.7963370412533401,173.83900597967073,174.97894610194498,27.793562758713936,31.439287494134376,46.96202037065848,68.9982760058892,1546.8640472225604,30617.631578947367,37.55898851175482,18.77949425587741,2.2576494283074116,0.5183758292920911,0.18981710437588661,sRNA
pre_109_train_U00096.3/3150740-3150670,70.99999999999999,47.954641807099186,1303.0,7.2905632141156325,0.3333333333333334,1.7471353371065423,151.4463601411404,152.5242837808365,16.337817638930883,28.121968524672866,47.954641807099186,75.2333330909008,1295.7094367858845,23263.657142857144,47.111364566227934,23.555682283113967,2.133047325931555,0.4565053561820241,0.30489928728746174,sRNA
pre_110_train_U00096.3/3098534-3098464,71.00000000000001,44.52493822169157,1321.0,14.44322957809492,0.33333333333333326,1.7216006405039308,153.59036428109675,154.68354792931277,25.804508198742667,28.567183263098492,44.52493822169157,72.08562273036428,1306.5567704219052,23927.0,43.518439467265786,21.759219733632893,2.1632445673393903,0.5171234908302164,0.32339007484422794,sRNA
pre_111_train_U00096.3/805859-805929,71.00000000000003,43.59279385902836,1281.0,12.059769527119581,0.3333333333333332,1.7109970123262976,148.16882263148344,149.22341830767908,24.926752277878744,30.000357394772337,43.59279385902836,65.51154284180073,1268.9402304728803,22267.62857142857,35.511185447028396,17.755592723514198,2.0868848257955404,0.5549184839472717,0.21415173375337093,sRNA
pre_112_train_U00096.3/66675-66610,66.00000000000001,46.085378468693044,1158.0,13.647914663475499,0.33333333333333326,1.6528732247819484,137.97825915701358,139.03557928707423,22.858148479667815,27.71571321382632,46.085378468693044,63.316365246002846,1144.3520853365244,19330.89230769231,35.60065203217653,17.800326016088263,2.090579684197175,0.4329947700379003,0.2876134065698402,sRNA
pre_113_train_U00096.3/3139700-3139624,77.00000000000003,44.79093392883554,1597.0,8.74575537237214,0.3333333333333332,1.8345013586516703,179.34324631833783,180.5192802066189,21.18449443134983,25.5463343964663,44.79093392883554,79.10273754585693,1588.254244627628,32587.21052631579,53.556403149390626,26.778201574695313,2.3291330690693215,0.5387835906682443,0.2773545557206171,sRNA
pre_114_train_U00096.3/762854-762925,72.0,46.68629150101524,1326.0,13.65635802744452,0.3333333333333333,1.7397663932535459,152.8136119591445,153.8860013401177,23.823103646904265,29.972102868137732,46.68629150101524,69.31370849898477,1312.3436419725556,23680.901408450703,39.341605630847035,19.670802815423517,2.1224112772103405,0.4969526243333448,0.2582821163429853,sRNA
pre_115_train_U00096.3/1958748-1958441,308.0000000000001,210.65373824479389,23778.0,14.033824612668766,0.3333333333333332,3.6823306278330645,1346.1359515294137,1348.32657291595,102.45216134550823,143.5858804688478,210.65373824479389,293.34854861152905,23763.96617538733,1817984.5472312705,149.76266814268126,74.88133407134063,4.370571271199394,0.21694598152127095,0.21982723715781494,sRNA
pre_116_train_U00096.3/1413556-1413734,179.00000000000003,108.63887080824202,9247.0,23.766743779815553,0.33333333333333326,2.8733864705978527,684.0204675300295,685.9391822878707,55.68948925767356,68.94965342831668,108.63887080824202,159.9129468703631,9223.233256220185,470512.5617977528,90.96329344204642,45.48164672102321,3.8213433940225103,0.3085922097294657,0.20476074667228958,sRNA
pre_117_train_U00096.3/29551-29603,53.0,30.26320500682644,755.0,6.543161068616728,0.33333333333333337,1.4915639674720553,100.72735477515529,101.69127486965331,13.24629289046615,15.855305453618795,30.26320500682644,62.652571299861364,748.4568389313832,10341.115384615385,46.79726584624257,23.398632923121284,1.9005161278331186,0.6771783606526812,0.35165733421021483,sRNA
pre_118_train_U00096.3/740988-741030,42.99999999999999,24.16718646245801,533.0,2.91782275852914,0.3333333333333334,1.3525114015481692,78.49840762716146,79.42741520227311,11.253666908394298,14.605998793469487,24.16718646245801,48.598641433615256,530.0821772414708,6308.714285714285,33.99264264014577,16.996321320072884,1.8255443634223598,0.7197399580507767,0.2966842557302196,sRNA
pre_119_train_U00096.3/3705997-3706039,43.00000000000001,24.417848262529045,507.0,3.9603463629141475,0.3333333333333333,1.3333102301674669,74.91328320131217,75.79986179155637,15.98239749837263,17.501817141352397,24.417848262529045,39.77015475900262,503.03965363708585,5745.619047619048,22.268337617650225,11.134168808825113,1.7421693767747013,0.7441464694933626,0.24730500206295764,sRNA
pre_120_train_U00096.3/1816219-1816261,43.00000000000001,28.231371817714713,517.0,10.95178717529328,0.3333333333333333,1.3271362633024972,74.22937423958254,75.10785895091456,18.960130614749584,22.421487945844056,28.231371817714713,37.44886812215458,506.0482128247067,5641.190476190476,15.027380176310523,7.513690088155261,1.7262645171995936,0.5968780553619423,0.20454266739610819,sRNA
pre_121_train_U00096.3/2714346-2714304,43.00000000000002,26.310117667094932,479.0,6.156456655673251,0.3333333333333332,1.2927918406036516,69.59885056522126,70.42253427230047,16.68803836229305,18.27406099908218,26.310117667094932,44.553924961955644,472.84354334432675,4959.333333333333,26.279863962873463,13.139931981436732,1.6185779201214237,0.7194033607177878,0.2645716512490853,sRNA
pre_122_train_U00096.3/4108633-4108592,42.0,23.232100466801974,510.0,3.9124566869146102,0.3333333333333333,1.3656737205528726,76.48529270389177,77.41242101129035,15.334693994704772,19.347123265132495,23.232100466801974,37.677834874861624,506.0875433130854,5992.682926829269,18.33071160972913,9.165355804864564,1.8210783977117089,0.736137584222505,0.1905409469010554,sRNA
pre_123_train_U00096.3/3070037-3070079,43.0,28.98737190803164,505.0,6.534506432352239,0.33333333333333337,1.3079057869603197,73.14369419163897,74.00933017114093,19.109673548055895,20.480657822524947,28.98737190803164,42.05122787024864,498.46549356764774,5477.380952380952,21.57057004772369,10.785285023861846,1.701016143991604,0.5747301218580018,0.2703480830332628,sRNA
pre_124_train_U00096.3/2945959-2945917,42.99999999999999,26.390035994061552,505.0,6.036921541909243,0.3333333333333334,1.3146906853661533,73.57988855658861,74.45068677926861,11.549297615772431,20.58506452596115,26.390035994061552,48.08787503309613,498.96307845809076,5542.904761904762,27.50281050713498,13.75140525356749,1.7111601989904333,0.6772216293789612,0.24350780570888703,sRNA
pre_125_train_U00096.3/3741027-3740985,43.0,25.203912457521064,541.0,4.2290199258323655,0.33333333333333337,1.3537809475241676,79.23383115816122,80.17154227327919,15.276774788808602,16.19490698407689,25.203912457521064,46.79102417323184,536.7709800741676,6427.476190476191,30.59611718915495,15.298058594577475,1.8426472362363076,0.6738064012185245,0.33944538352420234,sRNA
pre_126_train_U00096.3/1103343-1103252,92.00000000000004,67.20806514164981,2350.0,9.441364991931868,0.3333333333333332,1.9897333522621554,239.336583079144,240.64802622808384,29.15445005604163,35.19419741453775,67.20806514164981,92.40478616485726,2340.558635008068,57911.47252747253,57.21058875031951,28.605294375159755,2.6014845986863464,0.3107581950831815,0.3003539411735535,sRNA
pre_127_train_U00096.3/3156521-3156584,64.00000000000001,36.99018168860301,1144.0,8.0,0.33333333333333326,1.6698113894069557,139.39153489362258,140.493461408041,19.23044737829953,23.839793930330682,36.99018168860301,70.7314804235148,1136.0,19738.4126984127,46.89168649318411,23.445843246592055,2.1779927327128523,0.5813082910381114,0.291676985644334,sRNA
pre_128_train_U00096.3/3659011-3659082,71.99999999999994,51.91140054712033,1302.0,12.254493291562973,0.3333333333333336,1.7244644837971022,149.83324063771698,150.8847148756248,19.78134931101759,30.89826938884757,51.91140054712033,67.66044443118976,1289.745506708437,22766.197183098593,36.76217504234219,18.381087521171096,2.081017231079404,0.40221914778147266,0.20234235618668941,sRNA
pre_129_train_U00096.3/4436566-4436688,122.99999999999999,83.84993614747718,4085.0,19.937234877196985,0.33333333333333337,2.3055526585412047,362.2236877952627,363.7051814538713,42.476872619183894,58.70030521284124,83.84993614747718,117.30500769811262,4065.062765122803,132281.45901639343,58.604702485271375,29.302351242635687,2.9449080308557947,0.32424768317182506,0.2399264019429752,sRNA
pre_130_train_U00096.3/2734292-2734154,139.00000000000006,90.3938928517999,5025.0,10.52399669813921,0.3333333333333332,2.4428781222994895,419.65938569273055,421.17714611051383,47.782636056098816,62.1516488671078,90.3938928517999,141.53431787152175,5014.476003301861,177390.1884057971,79.38266900441394,39.69133450220697,3.0191322711707222,0.34746827168871386,0.25738618434915456,sRNA
pre_131_train_U00096.3/105224-105313,90.00000000000003,60.18146006622636,2118.0,22.0,0.3333333333333332,1.9449694538716837,217.33384458017576,218.55141065919386,32.63547780461567,43.1750909946148,60.18146006622636,92.03981214982153,2096.0,47764.7191011236,48.86472115520673,24.432360577603365,2.4148204953352854,0.41160464433932326,0.2833898514863352,sRNA
pre_132_train_U00096.3/190685-190794,110.00000000000001,76.13573009261768,3214.0,13.049136539647998,0.33333333333333326,2.2170068807247123,301.5393838290447,302.9194339857358,33.36895723138419,42.90678300017012,76.13573009261768,100.24883694857661,3200.950863460352,91760.18348623853,57.34205394840649,28.671026974203244,2.741267125718588,0.33691389971050756,0.2422514454186098,sRNA
nameseq,average,median,maximum,minimum,peak,none_levated_peak,sample_standard_deviation,population_standard_deviation,percentile15,percentile25,percentile50,percentile75,amplitude,variance,interquartile_range,semi_interquartile_range,coefficient_of_variation,skewness,kurtosis,label
pre_0_train_U00096.3/780554-780626,73.0,51.82039127406693,1353.0,16.485559061644945,0.3333333333333333,1.7436644530833232,154.59624833740307,155.66613133384038,23.378904758683042,31.736959812227582,51.82039127406693,76.57576260085577,1336.5144409383552,24231.944444444445,44.838802788628186,22.419401394314093,2.117756826539768,0.4109985000355705,0.27720534617714654,tRNA
pre_1_train_U00096.3/4175754-4175826,72.99999999999999,45.789307377744166,1365.0,6.661859370159007,0.33333333333333337,1.732887576908097,155.24174696260025,156.31609713085285,25.981985151252694,33.402951839713296,45.789307377744166,75.13134247823027,1358.338140629841,24434.722222222223,41.72839063851697,20.864195319258485,2.1265992734602777,0.5258384388474686,0.24220918509907396,tRNA
pre_2_train_U00096.3/3215598-3215670,72.99999999999994,49.58550385376403,1381.0,8.601041667596746,0.3333333333333336,1.7204332175467068,157.175061635108,158.26279130329755,25.420809198567202,30.347377753791584,49.58550385376403,77.31356936569777,1372.3989583324033,25047.11111111111,46.96619161190619,23.483095805953095,2.1530830360973714,0.44691242814195625,0.34696157675627903,tRNA
pre_3_train_U00096.3/4175388-4175460,72.99999999999997,47.173381341564934,1337.0,3.3155730956967444,0.3333333333333334,1.7506257693540004,153.68799562750502,154.75159306306205,22.621971640911553,32.61256592034575,47.173381341564934,72.16714589546301,1333.6844269043033,23948.055555555555,39.55457997511726,19.77728998755863,2.10531500859596,0.5041373313443018,0.18043569990249977,tRNA
pre_4_train_U00096.3/2044549-2044621,72.99999999999996,53.25430272782673,1365.0,5.73271335199936,0.33333333333333354,1.7354551012032329,155.9230579484638,157.0021231278949,29.556966458302142,32.965089746269015,53.25430272782673,67.74188370511418,1359.2672866480007,24649.666666666668,34.77679395884516,17.38839697942258,2.135932300663889,0.3799123272460377,0.2942251347522839,tRNA
pre_5_train_U00096.3/564723-564796,73.99999999999997,43.846746067284386,1438.0,6.0,0.3333333333333335,1.794281854496781,163.7498091601941,164.8675682737304,25.51473704193397,27.594298739940026,43.846746067284386,72.61481479432098,1432.0,27181.31506849315,45.02051605438095,22.510258027190474,2.212835258921543,0.5524266700650091,0.25615637727466833,tRNA
pre_6_train_U00096.3/2999057-2998987,71.0,50.891569130942315,1285.0,4.986378962032434,0.33333333333333337,1.7004948084589617,147.42455697745882,148.4738553223621,27.116032351452397,36.61438392441498,50.891569130942315,71.37140990888604,1280.0136210379676,22044.485714285714,34.757025984471056,17.378512992235528,2.0764022109501243,0.4091943285703533,0.2723994693800756,tRNA
pre_7_train_U00096.3/3423655-3423583,72.99999999999997,57.16936049423241,1385.0,7.454539222395257,0.3333333333333334,1.751194159989388,156.97133496278866,158.0576547409907,17.73983528684318,31.896102718915465,57.16936049423241,74.80592842560509,1377.5454607776048,24982.222222222223,42.909825706689624,21.454912853344812,2.150292259764229,0.3025515361040985,0.28366191702626165,tRNA
pre_8_train_U00096.3/3110366-3110438,72.99999999999994,54.74462028011958,1389.0,6.919407500017632,0.3333333333333336,1.7371359379791782,157.97468151574165,159.06794495155557,22.76191390662668,31.4051173115597,54.74462028011958,77.41121911495584,1382.0805924999825,25302.61111111111,46.00610180339614,23.00305090169807,2.164036733092353,0.34667668663211604,0.296775250862435,tRNA
pre_9_train_U00096.3/1992117-1992045,73.0,51.929436650033956,1419.0,5.310292768112413,0.3333333333333333,1.760981179557765,161.28856128070584,162.40475841414116,24.371413220664092,31.435623691589758,51.929436650033956,74.85672728568306,1413.6897072318875,26375.305555555555,43.42110359409331,21.710551797046655,2.209432346311039,0.39191675806373405,0.2885070089317468,tRNA
pre_10_train_U00096.3/1746435-1746508,73.99999999999999,51.92567774820974,1410.0,14.961568867404518,0.3333333333333334,1.7391200570286824,159.11002482559044,160.19611268862909,26.095954784919492,31.77127652800952,51.92567774820974,76.23514032123151,1395.0384311325954,25662.794520547945,44.46386379322199,22.231931896610995,2.1501354706160876,0.41620863819210313,0.3565932029530292,tRNA
pre_11_train_U00096.3/2817860-2817787,73.99999999999999,50.757480392126126,1422.0,5.80207240879728,0.3333333333333334,1.737435932011686,161.83324751113412,162.93792414072198,20.400872750526645,36.601730882936835,50.757480392126126,69.82933387601173,1416.1979275912026,26548.76712328767,33.227602993074896,16.613801496537448,2.1869357771774887,0.430860530181379,0.19342410991757805,tRNA
pre_12_train_U00096.3/228928-229001,74.00000000000004,43.240030893476856,1518.0,7.605996639455026,0.33333333333333315,1.786016194147862,172.98554852934973,174.16635096429843,17.743593455520482,26.37934380264009,43.240030893476856,69.64532332029543,1510.394003360545,30333.91780821918,43.26597951765534,21.63298975882767,2.337642547693914,0.5334544307550224,0.23479996643141707,tRNA
pre_13_train_U00096.3/1746516-1746589,73.99999999999999,49.96775357836179,1470.0,5.473963184649371,0.3333333333333334,1.7583403187736248,165.99397579430405,167.12705362925095,29.35672877264139,32.518247693951004,49.96775357836179,62.082254745035236,1464.5260368153506,27931.45205479452,29.564007051084232,14.782003525542116,2.2431618350581632,0.43433346854861304,0.214774724215437,tRNA
pre_14_train_U00096.3/3946957-3947029,73.00000000000003,51.25693310082435,1395.0,12.467228711986257,0.3333333333333332,1.7378718398313573,158.73877913099875,159.8373305026777,30.315251118656615,35.51403541316545,51.25693310082435,70.07965314658992,1382.5327712880137,25547.972222222223,34.56561773342447,17.282808866712234,2.174503823712311,0.4109216478457152,0.2713017771163603,tRNA
pre_15_train_U00096.3/2043557-2043471,86.99999999999999,63.170460735110396,2047.0,10.28089709889223,0.33333333333333337,1.9580210181775826,214.79292353334174,216.03811033305922,20.174905080433987,35.367112878564754,63.170460735110396,85.58303777785594,2036.7191029011078,46672.46511627907,50.21592489929118,25.10796244964559,2.468884178544158,0.3328257589620814,0.26353159699923395,tRNA
pre_16_train_U00096.3/4175673-4175744,72.00000000000001,48.27737618320449,1350.0,7.442482571805185,0.33333333333333326,1.7555314647125142,155.53777676178865,156.629283323286,18.77959252708085,23.63756788818712,48.27737618320449,83.99999999999999,1342.5575174281948,24532.732394366198,60.362432111812865,30.181216055906432,2.1602468994692865,0.457560040602757,0.33000057662707316,tRNA
pre_17_train_U00096.3/1031712-1031628,85.00000000000004,58.28807079455405,1905.0,8.18552387202908,0.33333333333333315,1.916131242407751,201.85143051264214,203.04937236802192,31.159060710590552,36.68084039215537,58.28807079455405,84.78023957219375,1896.814476127971,41229.04761904762,48.09939918003838,24.04969959001919,2.3747227119134355,0.39700381321458605,0.2392654393404211,tRNA
pre_18_train_U00096.3/3982735-3982808,74.00000000000001,46.16060805586838,1490.0,4.557423429441059,0.33333333333333326,1.7758180230704141,168.78388548673715,169.93600729492988,26.9832280440255,35.27553055969299,46.16060805586838,66.56021824901944,1485.442576570559,28878.246575342466,31.284687689326454,15.642343844663227,2.2808633173883393,0.494823161533141,0.22347989264606885,tRNA
pre_19_train_U00096.3/696830-696759,71.99999999999994,44.81214019685231,1326.0,9.435314319512415,0.3333333333333336,1.7342187023178364,153.4470592745263,154.5238939543555,20.499614930155982,21.515673660094073,44.81214019685231,72.9452191160284,1316.5646856804876,23877.6338028169,51.429545455934324,25.714772727967162,2.131209156590645,0.5315421474680762,0.2572199808118724,tRNA
pre_20_train_U00096.3/696504-696433,72.0,40.8534745350538,1334.0,14.0,0.3333333333333333,1.7442436974343045,154.5509624686951,155.6355439326482,28.49058726562415,34.173519506959146,40.8534745350538,70.0,1320.0,24222.422535211266,35.826480493040854,17.913240246520427,2.146541145398543,0.6045874765339307,0.2615640518326221,tRNA
pre_21_train_U00096.3/2520931-2521003,72.99999999999999,43.38719779806333,1409.0,7.980225796283919,0.33333333333333337,1.7806857943787548,161.43109985377663,162.54828342509325,20.44441763491156,33.661326585297275,43.38719779806333,79.41455093151023,1401.019774203716,26421.944444444445,45.75322434621296,22.87661217310648,2.2113849295037897,0.5503177930787765,0.2379139216455871,tRNA
pre_22_train_U00096.3/2466309-2466380,71.99999999999997,49.875644347017854,1298.0,17.58078508566658,0.3333333333333335,1.6873923569301241,148.33745312630927,149.3784304809692,21.84405028441009,29.88299768585232,49.875644347017854,74.12435565298213,1280.4192149143335,22313.915492957745,44.241357967129815,22.120678983564908,2.060242404532074,0.44744645104854075,0.2893730036475685,tRNA
pre_23_train_U00096.3/2818645-2818556,90.00000000000001,51.342266191714444,2214.0,6.0,0.33333333333333326,2.0012388633171745,228.67006800191405,229.9511428323148,31.476343556694452,37.292842345280654,51.342266191714444,91.50399885088984,2208.0,52877.52808988764,54.21115650560919,27.105578252804595,2.5407785333546,0.5071638909202842,0.2601049396889768,tRNA
pre_24_train_U00096.3/4496405-4496486,82.00000000000001,57.70206348225497,1716.0,11.945889149520877,0.33333333333333326,1.8694594835364389,185.94085081014342,187.08511299986657,30.840966720431574,36.42243664104301,57.70206348225497,75.3830225607486,1704.0541108504792,35000.83950617284,38.96058591970559,19.480292959852797,2.267571351343212,0.3920268689512667,0.277444962098839,tRNA
pre_25_train_U00096.3/3318289-3318216,74.0,49.57508132822897,1492.0,8.0,0.33333333333333337,1.7639878848048667,168.1071087134628,169.2546108313485,32.185417316017656,37.23133236579371,49.57508132822897,70.05674186855929,1484.0,28647.123287671235,32.825409502765574,16.412704751382787,2.2717176853170646,0.4358813650183546,0.2453002833265078,tRNA
pre_26_train_U00096.3/4175472-4175553,82.0,59.70796073731891,1740.0,7.44174138029514,0.3333333333333333,1.8438397675113256,186.9866305381216,188.13732835614428,27.19061425120228,40.353304661159505,59.70796073731891,83.87616588067516,1732.558258619705,35395.654320987655,43.522861219515654,21.761430609757827,2.2803247626600194,0.35765186845488933,0.2314010514615297,tRNA
pre_27_train_U00096.3/1287328-1287247,82.00000000000001,62.979484111124094,1734.0,7.593256015588402,0.33333333333333326,1.83473656201285,185.8978213965941,187.0418187874269,24.8097885753747,44.67973208234689,62.979484111124094,84.23280820247773,1726.4067439844116,34984.641975308645,39.55307612013084,19.77653806006542,2.267046602397489,0.30695113712437083,0.25057460933132664,tRNA
pre_28_train_U00096.3/2518116-2518044,73.0,43.99809612674108,1407.0,9.397968375046993,0.3333333333333333,1.7418785609742227,160.63000964950479,161.7416492778255,23.00140557619037,29.104832270238127,43.99809612674108,73.91758861307956,1397.602031624953,26160.36111111111,44.81275634284143,22.406378171420716,2.200411091089107,0.5416529066369572,0.30116283849546316,tRNA
pre_29_train_U00096.3/2729444-2729372,73.00000000000001,51.602180045704756,1447.0,7.561024669183663,0.33333333333333326,1.7879559694865772,165.2936780400267,166.43759257518184,15.60003032090895,28.396192459704025,51.602180045704756,76.52036892257163,1439.4389753308164,27701.472222222223,48.12417646286761,24.062088231433805,2.26429695945242,0.3883600427073866,0.23822425700200434,tRNA
pre_30_train_U00096.3/1991901-1991818,83.99999999999996,60.132160212358244,1848.0,11.224526648974452,0.3333333333333335,1.886777184114645,196.25493624365225,197.43365516742855,24.382021251130148,35.91428968733359,60.132160212358244,89.7603911224991,1836.7754733510255,38980.048192771086,53.84610143516551,26.923050717582754,2.336368288614909,0.3648495203913176,0.31199692644578836,tRNA
pre_31_train_U00096.3/3708692-3708619,74.0,51.25160146919108,1462.0,9.02955788415911,0.33333333333333337,1.7580299224121083,165.33602148352307,166.4646081106271,25.692487477897433,32.95040100101457,51.25160146919108,76.18515013331682,1452.9704421158408,27710.465753424658,43.234749132302255,21.617374566151128,2.2342705605881497,0.41276664927629153,0.26343238182004375,tRNA
pre_32_train_U00096.3/697047-696966,81.99999999999999,47.90635027526211,1770.0,6.0,0.33333333333333337,1.8930386485115684,193.0388561922185,194.22679882734013,24.230274902222302,31.360486558162997,47.90635027526211,83.2376772943629,1764.0,37724.049382716046,51.8771907361999,25.93859536809995,2.354132392588031,0.5298464319140357,0.250972618015889,tRNA
pre_33_train_U00096.3/1991987-1991917,70.99999999999997,46.745588779270115,1283.0,15.541340706435715,0.3333333333333335,1.6941469977352241,149.27826365549674,150.3407558087389,25.820155891837633,29.162370534286005,46.745588779270115,68.59511973580851,1267.4586592935643,22602.342857142856,39.432749201522505,19.716374600761252,2.1025107557112226,0.48743354779441983,0.3118882813389221,tRNA
pre_34_train_U00096.3/3322158-3322075,83.99999999999997,57.551708024866834,1858.0,15.654079156526862,0.3333333333333334,1.9115969099392158,197.32207175072938,198.50719995439698,30.179616767222115,38.866025403784434,57.551708024866834,85.6546652691697,1842.345920843473,39405.10843373494,46.788639865385264,23.394319932692632,2.349072282746779,0.40210846775232134,0.24598221093556455,tRNA
pre_35_train_U00096.3/2286211-2286284,73.99999999999997,48.389448089967075,1542.0,2.0,0.3333333333333335,1.7881452185697313,176.0,177.20137913437154,25.655889492831925,31.47810629049065,48.389448089967075,64.24938197179605,1540.0,31400.328767123287,32.771275681305404,16.385637840652702,2.3783783783783794,0.43654349846646984,0.22973397389001912,tRNA
pre_36_train_U00096.3/4606286-4606203,84.00000000000001,58.32923301566157,1878.0,8.442613128123993,0.33333333333333326,1.9293437891760148,201.07709964090887,202.28478076741334,24.9267907101002,34.832219521546875,58.32923301566157,85.17491872069891,1869.557386871876,40919.132530120485,50.34269919915204,25.17134959957602,2.393774995725105,0.382998865064927,0.26507975492809976,tRNA
pre_37_train_U00096.3/3982606-3982689,83.99999999999997,57.99999999999999,1882.0,7.744719307064431,0.3333333333333334,1.9304671415615104,201.75232340669587,202.96405996765588,26.161664178541983,32.6873041214285,57.99999999999999,80.86133863882387,1874.2552806929355,41194.409638554214,48.17403451739537,24.087017258697685,2.401813373889237,0.386612648037595,0.27005934184857777,tRNA
pre_38_train_U00096.3/3836223-3836312,89.99999999999997,55.70047373917662,2198.0,14.467795774170735,0.3333333333333334,1.9983116026318049,228.61321046693692,229.89396676523762,26.471390216561574,32.664416251957334,55.70047373917662,84.02670470573139,2183.5322042258294,52851.23595505618,51.362288453774056,25.681144226887028,2.5401467829659667,0.4500990059686499,0.26537744216384673,tRNA
pre_39_train_U00096.3/3836222-3836312,91.00000000000004,54.96390858896269,2259.0,6.581600384690182,0.33333333333333315,2.0278172677156907,232.93775992741072,234.2282837081997,24.27833739651439,31.847055825007452,54.96390858896269,99.922943233361,2252.4183996153097,54862.88888888889,68.07588740835354,34.03794370417677,2.5597556035979188,0.46410798432508893,0.2854997030494685,tRNA
nameseq,average,median,maximum,minimum,peak,none_levated_peak,sample_standard_deviation,population_standard_deviation,percentile15,percentile25,percentile50,percentile75,amplitude,variance,interquartile_range,semi_interquartile_range,coefficient_of_variation,skewness,kurtosis,label
pre_0_test_U00096.3/3941813-3943344,1531.9999999999993,999.7312155536162,603874.0,92.79028962541086,0.3333333333333335,8.472890077845875,15410.739047819867,15415.77112601041,470.87859375318067,622.9879368152071,999.7312155536162,1479.0483554799403,603781.2097103746,237645999.40953624,856.0604186647331,428.03020933236655,10.059229143485558,0.10361646825530066,0.25922627800076914,rRNA
pre_1_test_U00096.3/2729185-2726282,2903.9999999999995,1862.50772303385,2170334.0,89.46527039908662,0.33333333333333337,11.685412830393549,40249.22125954737,40256.15301216219,935.3634975039644,1177.5465966362212,1862.50772303385,2773.150198244102,2170244.534729601,1620557855.3386152,1595.6036016078806,797.8018008039403,13.859924676152676,0.07762825548226732,0.2547948816675538,rRNA
pre_2_test_U00096.3/4171639-4171754,116.0,77.71763956993652,3678.0,10.0,0.3333333333333333,2.2789946254391973,335.40721518774757,336.862350936196,38.82673645698443,47.14039741347001,77.71763956993652,108.59775277621972,3668.0,113476.24347826088,61.45735536274971,30.728677681374855,2.8914415102392033,0.34241088470891606,0.23330637025977846,rRNA
pre_3_test_U00096.3/4166664-4168198,1534.999999999999,982.9410370415555,606019.0,59.84803131315227,0.33333333333333354,8.434174368020022,15449.655141782292,15454.690062933318,500.3016229189926,624.8153564200314,982.9410370415555,1497.0191113637243,605959.1519686868,238847444.94132987,872.2037549436928,436.1018774718464,10.064921916470555,0.1071983079024424,0.27261008897743144,rRNA
pre_4_test_U00096.3/3943704-3946607,2903.999999999998,1872.810829437811,2169650.0,141.21945651913313,0.33333333333333354,11.694757404229367,40236.73125391773,40243.66085549394,915.3441402834177,1190.6683286950758,1872.810829437811,2827.362098370816,2169508.780543481,1619552239.052015,1636.6937696757402,818.3468848378701,13.855623710026775,0.07688416566853576,0.26049205268298953,rRNA
pre_5_test_U00096.3/3943863-3946589,2727.0000000000064,1789.7926527276288,1915905.0,89.90820171623847,0.33333333333333254,11.328213594679367,36664.11954486294,36670.84382177318,832.9869931834713,1070.919561194858,1789.7926527276288,2662.6973994589675,1915815.0917982839,1344750786.6008804,1591.7778382641095,795.8889191320548,13.444854985281573,0.07668592827864791,0.26715664901183817,rRNA
pre_6_test_U00096.3/3941813-3943347,1534.9999999999993,999.2028823008067,605901.0,72.22621594799502,0.3333333333333335,8.44541632619477,15446.69511578448,15451.729072286302,481.2807530929818,630.4986442541388,999.2028823008067,1513.9673658799331,605828.773784052,238755931.32333767,883.4687216257944,441.7343608128972,10.062993560771652,0.10406053470007552,0.2839841087488425,rRNA
pre_7_test_U00096.3/223776-225307,1532.0000000000016,1016.7731465930107,603496.0,91.35730507563947,0.333333333333333,8.4521826491583,15400.467850036246,15405.496574366196,473.8771397086971,616.9024216738004,1016.7731465930107,1472.4374216071883,603404.6426949244,237329324.70280862,855.5349999333879,427.76749996669395,10.052524706289967,0.10036581844605033,0.25151795900328777,rRNA
nameseq,average,median,maximum,minimum,peak,none_levated_peak,sample_standard_deviation,population_standard_deviation,percentile15,percentile25,percentile50,percentile75,amplitude,variance,interquartile_range,semi_interquartile_range,coefficient_of_variation,skewness,kurtosis,label
pre_0_test_U00096.3/4027375-4027452,78.0,44.270458345332756,1614.0,11.32667172397046,0.3333333333333333,1.8325202079919265,179.9944443587079,181.15946910595991,20.234051414621007,29.934351366356143,44.270458345332756,81.01722674434893,1602.6733282760295,32818.753246753244,51.08287537799279,25.541437688996396,2.3076210815218965,0.5621763789683676,0.22486904333348337,sRNA
pre_1_test_U00096.3/2691339-2691155,185.00000000000003,126.29256315731901,8619.0,4.33517777888766,0.33333333333333326,2.8458755674786183,626.8859545403773,628.587140719774,53.06012742321881,78.10449792637898,126.29256315731901,193.79938592002443,8614.664822221112,395121.79347826086,115.69488799364545,57.847443996822726,3.388572727245282,0.2809479288097515,0.27619669993629203,sRNA
pre_2_test_U00096.3/507204-507287,84.0,57.25773322614477,1890.0,13.610257236435096,0.3333333333333333,1.8977299534056082,201.09201873769132,202.29978946918632,25.969787463405314,32.94882096305611,57.25773322614477,91.12883641418388,1876.389742763565,40925.20481927711,58.18001545112777,29.090007725563886,2.393952604020135,0.3989556662923317,0.366471579456423,sRNA
pre_3_test_U00096.3/3311227-3311398,171.99999999999991,122.12735171780463,7566.0,17.91685869664558,0.33333333333333354,2.687406902918956,568.9376064209501,570.5987416535443,56.60062026353724,86.24674336714385,122.12735171780463,177.178099567516,7548.083141303355,325582.9239766082,90.93135620037215,45.465678100186075,3.3077767815171537,0.26297777323562144,0.25422044780496156,sRNA
pre_4_test_U00096.3/1405751-1405656,95.99999999999999,66.01121924623831,2362.0,12.782076967853481,0.33333333333333337,2.0332666966016193,236.64319132398464,237.885421336009,32.24243116580512,37.22639859329882,66.01121924623831,89.78460969082651,2349.2179230321467,56589.47368421053,52.558211097527696,26.279105548763848,2.4650332429581736,0.38017718472243495,0.2664173931173418,sRNA
pre_5_test_U00096.3/2177481-2177411,70.99999999999999,42.87387047995767,1281.0,6.157140130862866,0.3333333333333334,1.6967104458565663,148.3846353232032,149.44076705217643,26.46525125111128,30.693730091347014,42.87387047995767,76.9251172687496,1274.842859869137,22332.542857142857,46.23138717740259,23.115693588701294,2.0899244411718767,0.5686463991122707,0.25142130306200566,sRNA
pre_6_test_U00096.3/4235424-4235494,71.00000000000001,39.06338411733403,1393.0,7.138723184541131,0.33333333333333326,1.7130451772861108,161.01552720157144,162.16155965139035,23.685843891364954,26.53158630626747,39.06338411733403,81.35196057396394,1385.861276815459,26296.371428571427,54.820374267696465,27.410187133848233,2.267824326782696,0.595034834920336,0.3429256384150487,sRNA
pre_7_test_U00096.3/4094319-4094389,70.99999999999999,45.30393297600501,1373.0,14.164379908979452,0.3333333333333334,1.703447627157904,158.27191791344413,159.39842264858564,25.28802800912998,29.237876396959614,45.30393297600501,71.09912480654455,1358.8356200910205,25407.85714285714,41.86124840958494,20.93062420479247,2.2291819424428754,0.4870617737389333,0.27403970130687694,sRNA
pre_8_test_U00096.3/4325981-4325905,77.0,40.63604684797947,1601.0,6.508523440015483,0.33333333333333337,1.8398822365679697,179.86661724733693,181.0460831129089,18.723838589843393,27.777560987380088,40.63604684797947,78.02891457682156,1594.4914765599844,32777.68421052631,50.25135358944148,25.12567679472074,2.335930094121259,0.6065153229965289,0.20899787862467875,sRNA
pre_9_test_U00096.3/638707-638800,93.99999999999999,62.56890627629727,2238.0,8.78160165762472,0.33333333333333337,2.004030300433802,226.50386310171402,227.71836973327052,25.942137714657992,39.06341106897306,62.56890627629727,95.2467255713417,2229.218398342375,51855.655913978495,56.18331450236864,28.09165725118432,2.4096155649118516,0.41629877689443523,0.26927526227711596,sRNA
pre_10_test_U00096.3/4325881-4325805,76.99999999999999,51.262570454432776,1617.0,8.196263648829161,0.3333333333333334,1.8305640071036489,180.01111076819674,181.1915241424185,23.10394338810206,30.792375663368084,51.262570454432776,76.95258619243802,1608.8037363511708,32830.36842105263,46.160210529069936,23.080105264534968,2.337806633353205,0.4289306827072978,0.24939783173829702,sRNA
pre_11_test_U00096.3/4614563-4614641,79.00000000000003,48.06193133260052,1695.0,7.7270568431380875,0.3333333333333332,1.8491870837969029,187.32858831475778,188.5255882788791,22.487831000705544,28.08185487307489,48.06193133260052,72.66976970748563,1687.2729431568619,35541.89743589744,44.58791483441074,22.29395741720537,2.3712479533513635,0.49546204792964105,0.23371017518747622,sRNA
pre_12_test_U00096.3/3986434-3986582,149.0,97.04866872209443,5645.0,11.57379938999397,0.3333333333333333,2.5468749141513523,456.0964810212857,457.63475345254056,54.227659923352256,67.0397212793352,97.04866872209443,139.94426268174442,5633.426200610006,209429.56756756757,72.90454140240922,36.45227070120461,3.0610502081965483,0.34171277420235807,0.2444740278452493,sRNA
pre_13_test_U00096.3/1113480-1113438,42.999999999999986,29.882416039414107,519.0,7.474991130138524,0.3333333333333335,1.3294539287126053,75.41883053985921,76.31139214710063,13.782767675127394,14.165571488663371,29.882416039414107,42.70283627166103,511.5250088698615,5823.428571428572,28.537264782997656,14.268632391498828,1.7539262916246334,0.5217894735315409,0.27752640270612083,sRNA
pre_14_test_U00096.3/4094503-4094573,71.00000000000007,44.84475209430467,1319.0,12.924195988522756,0.33333333333333304,1.70574970444895,152.30233090796736,153.38634694317298,26.34027431340535,28.167251139332347,44.84475209430467,78.29961629722953,1306.0758040114772,23527.371428571427,50.13236515789718,25.06618257894859,2.14510325222489,0.5151972609303083,0.33223280759452445,sRNA
pre_15_test_U00096.3/247461-247538,77.99999999999999,55.23097787029836,1618.0,7.430624957079394,0.33333333333333337,1.8233401886589609,179.29305619571548,180.4535411663637,20.450851386206605,33.82459309668107,55.23097787029836,76.57751224427771,1610.5693750429207,32563.48051948052,42.75291914759664,21.37645957379832,2.298628925586096,0.3809799879507949,0.2374719993066406,sRNA
pre_16_test_U00096.3/2316913-2316837,77.0,51.0914512915549,1511.0,7.906290322940215,0.33333333333333337,1.7837343909400192,168.78981011897605,169.8966404054319,28.213057770442603,31.496808304094245,51.0914512915549,65.42087869765237,1503.0937096770597,28864.86842105263,33.924070393558125,16.962035196779063,2.192075456090598,0.46048778697332676,0.2006547022076909,sRNA
pre_17_test_U00096.3/984395-984437,43.0,30.616215554856474,491.0,3.9946923345821297,0.33333333333333337,1.3286869003187864,71.61005515987262,72.45754093326131,16.62590827339714,16.885800832980138,30.616215554856474,47.01264708750346,487.0053076654179,5250.0952380952385,30.126846254523322,15.063423127261661,1.6653501199970375,0.5188007920464317,0.35271068245641846,sRNA
pre_18_test_U00096.3/2236680-2236603,78.0,54.36705337682555,1650.0,13.703287209658603,0.3333333333333333,1.7887113191988422,181.9010720144332,183.07843752259382,25.760684545744752,31.978650306519178,54.36705337682555,80.80087825167092,1636.2967127903414,33517.71428571428,48.822227945151745,24.411113972575873,2.3320650258260667,0.3897659265245989,0.31751852052609925,sRNA
pre_19_test_U00096.3/4296363-4296431,69.00000000000003,43.57986603352118,1227.0,5.46904395296317,0.3333333333333332,1.7047978050266,143.43639705458304,144.48722719856386,26.979134692712,30.996251676187,43.57986603352118,76.88668142485525,1221.5309560470369,20876.558823529413,45.890429748668254,22.945214874334127,2.0787883631098985,0.5316670208218947,0.29468942058528474,sRNA
pre_20_test_U00096.3/2304985-2305067,83.00000000000001,60.01397116509919,1795.0,3.5330665370749768,0.3333333333333333,1.879681839032601,192.79004123657424,193.96202796599886,27.842547326472943,34.99773936208761,60.01397116509919,78.47579212793083,1791.466933462925,37621.26829268293,43.47805276584322,21.73902638292161,2.3227715811635448,0.3576848993983223,0.22028173170701978,sRNA
pre_21_test_U00096.3/4058218-4058325,107.99999999999997,67.84624498229454,2982.0,10.179627478984836,0.3333333333333334,2.1190884834562747,281.7374664470454,283.0509349493496,39.23828033919829,49.20683599002743,67.84624498229454,113.89885702931016,2971.820372521015,80117.83177570094,64.69202103928274,32.34601051964137,2.6086802448800506,0.4275656573910374,0.2773264464716615,sRNA
pre_22_test_U00096.3/2592981-2593057,77.00000000000001,46.962020370658465,1557.0,10.1359527774395,0.3333333333333333,1.7963370412533401,173.83900597967073,174.97894610194498,27.79356275871393,31.439287494134366,46.962020370658465,68.99827600588918,1546.8640472225604,30617.63157894737,37.55898851175482,18.77949425587741,2.2576494283074116,0.5183758292920914,0.18981710437588667,sRNA
pre_23_test_U00096.3/1770372-1770479,108.0,77.28649313479141,3098.0,6.1535788011337775,0.3333333333333333,2.153664682426257,291.756747993941,293.1169266867411,39.37357914847606,48.65242868691823,77.28649313479141,114.7778678366874,3091.846421198866,85917.53271028037,66.12543914976918,33.06271957488459,2.7014513703142686,0.315812817455517,0.3231784359381351,sRNA
pre_24_test_U00096.3/349752-349823,72.00000000000001,52.0,1370.0,9.832767241565525,0.33333333333333326,1.7312423301719144,157.403938959608,158.50854155684758,20.23069665202886,31.15458223059818,52.0,66.70487638928877,1360.1672327584345,25124.957746478874,35.55029415869059,17.775147079345295,2.186165818883444,0.38118486993770123,0.2293572779117705,sRNA
pre_25_test_U00096.3/1437118-1437238,120.99999999999996,77.20470457958402,3971.0,14.843112385095164,0.3333333333333335,2.3413905081127036,355.55309026923106,357.0314878737355,42.09879827020437,49.82922776606912,77.20470457958402,118.24620104995766,3956.156887614905,127471.48333333334,68.41697328388855,34.208486641944276,2.9384552914812496,0.3695253672574189,0.24056989882243082,sRNA
pre_26_test_U00096.3/508686-508763,77.99999999999997,50.84155156280845,1612.0,5.87364332569768,0.3333333333333335,1.8178530598683555,178.47128620593287,179.62645222144297,23.248163936708487,33.856440630917916,50.84155156280845,74.85639398850707,1606.1263566743023,32265.66233766234,40.99995335758915,20.499976678794575,2.288093412896576,0.4565179477530213,0.22524950537200703,sRNA
pre_27_test_U00096.3/2653515-2653723,209.00000000000006,130.48202702224128,11963.0,7.311083339749451,0.33333333333333326,3.0969234942631303,821.9987834540876,823.9723728098207,55.81072877712155,70.87369299428467,130.48202702224128,199.21695945523143,11955.68891666025,678930.4711538461,128.34326646094678,64.17163323047339,3.9330085332731457,0.2865623692816975,0.26078516781631444,sRNA
pre_28_test_U00096.3/375061-374984,78.0,53.87289780456605,1622.0,10.683860948042348,0.3333333333333333,1.8228306301717594,179.72757161882535,180.8908690163948,23.274073793518628,30.916119337957117,53.87289780456605,76.92731603879629,1611.3161390519576,32721.506493506495,46.01119670083918,23.00559835041959,2.3041996361387866,0.40272789497101485,0.24182743458796083,sRNA
pre_29_test_U00096.3/4019978-4020229,252.00000000000026,158.14927168054567,16410.0,20.69383858197862,0.333333333333333,3.372130263098161,1026.4102493642588,1028.4528588460075,82.43545406139525,102.8033287409506,158.14927168054567,241.25607662827844,16389.306161418022,1057715.282868526,138.45274788732783,69.22637394366392,4.073056545096261,0.2743076514802463,0.26757284421798155,sRNA
pre_30_test_U00096.3/1972739-1972816,77.99999999999997,46.52605378838594,1550.0,5.89572045997542,0.3333333333333335,1.845422998997652,171.45844977719818,172.56822479179706,24.05688441325984,32.214889966354484,46.52605378838594,85.10349918288473,1544.1042795400247,29779.79220779221,52.88860921653025,26.444304608265124,2.1981852535538238,0.5506980773332468,0.28656775615712,sRNA
pre_31_test_U00096.3/2808134-2808211,77.99999999999997,46.668116714393875,1626.0,8.45705046628054,0.3333333333333335,1.8227271254997979,180.58239116813135,181.75122143607865,22.774747141524678,27.455551967678993,46.668116714393875,70.76883629863018,1617.5429495337194,33033.506493506495,43.313284330951184,21.656642165475592,2.31515886112989,0.5205139285662885,0.20194874483005304,sRNA
pre_32_test_U00096.3/3203265-3203195,71.0,43.271037107338806,1341.0,6.076664416451519,0.33333333333333337,1.7298054216224312,155.35121499363947,156.45693154530235,22.101303286003468,29.821992196790717,43.271037107338806,73.16145546679834,1334.9233355835486,24478.77142857143,43.33946327000763,21.669731635003814,2.188045281600556,0.5354762669953337,0.25099535964307745,sRNA
nameseq,average,median,maximum,minimum,peak,none_levated_peak,sample_standard_deviation,population_standard_deviation,percentile15,percentile25,percentile50,percentile75,amplitude,variance,interquartile_range,semi_interquartile_range,coefficient_of_variation,skewness,kurtosis,label
pre_0_test_U00096.3/3982510-3982582,73.0,46.68830760611741,1383.0,5.33176056708281,0.3333333333333333,1.7435632636982559,157.9303644015298,159.02332114085237,27.569748965629888,33.29540755284045,46.68830760611741,70.13430240499909,1377.6682394329173,25288.416666666668,36.83889485215864,18.41944742607932,2.1634296493360248,0.499809377891128,0.23695886329440805,tRNA
pre_1_test_U00096.3/225500-225572,73.00000000000003,50.26085427302182,1435.0,7.877003678600133,0.3333333333333332,1.7724677464549659,163.8596960817394,164.99368674790762,17.540158125861687,31.502360072742267,50.26085427302182,75.307293064312,1427.1229963213998,27222.916666666668,43.80493299156974,21.90246649578487,2.2446533709827308,0.41631614614313206,0.26358405266847845,tRNA
pre_2_test_U00096.3/225381-225454,73.99999999999999,48.270082012869736,1428.0,10.422882973283091,0.3333333333333334,1.7454804937227697,161.31955864060623,162.42072882081564,33.54952224536484,39.10717345228542,48.270082012869736,73.15297300672273,1417.577117026717,26380.49315068493,34.04579955443731,17.022899777218655,2.1799940356838685,0.4784897418009739,0.2010677607271989,tRNA
pre_3_test_U00096.3/262871-262943,73.0,47.13510789427823,1347.0,5.938764438624491,0.3333333333333333,1.7596755379450366,153.39491516996253,154.45648434285806,23.582561962887905,32.133555942495434,47.13510789427823,79.89084902128977,1341.0612355613755,23856.805555555555,47.75729307879433,23.878646539397167,2.101300207807706,0.5058490774038366,0.28329629545266954,tRNA
pre_4_test_U00096.3/3982375-3982448,74.0,55.61640647795936,1548.0,10.034866285389912,0.33333333333333337,1.7792530004484446,175.29974329701685,176.496342466663,19.380094616217814,25.982627396042954,55.61640647795936,71.69373104296383,1537.9651337146101,31150.95890410959,45.711103646920876,22.855551823460438,2.368915449959687,0.3146084502398724,0.2674537911329979,tRNA
pre_5_test_U00096.3/2947387-2947460,74.00000000000003,51.49919492617593,1514.0,8.231218250593244,0.3333333333333332,1.7685701103479587,170.4347382431176,171.59812880162528,29.044034130736538,38.59631904526901,51.49919492617593,70.75326067160478,1505.7687817494068,29445.91780821918,32.156941626335765,16.078470813167883,2.3031721384205075,0.3960601924073899,0.21598071104248312,tRNA
pre_6_test_U00096.3/297178-297251,73.99999999999996,57.677560580555635,1406.0,3.871764031675939,0.33333333333333354,1.7629291063294987,158.43610699584863,159.51759468377972,26.782611064987883,32.741128785765916,57.677560580555635,87.07925468396373,1402.1282359683241,25445.86301369863,54.33812589819781,27.169062949098905,2.1410284729168745,0.3090666590262535,0.3539743168118506,tRNA
pre_7_test_U00096.3/696740-696667,74.0,50.36466081530252,1372.0,7.168655504111974,0.33333333333333337,1.7699405922467042,156.60779035539707,157.67679792138006,20.523468062384115,29.04544691304948,50.36466081530252,72.90549436661794,1364.831344495888,24861.972602739726,43.86004745356846,21.93002372678423,2.1163214912891495,0.4527617521017457,0.2579114771201987,tRNA
pre_8_test_U00096.3/925971-925887,84.99999999999997,56.89534349902105,1929.0,13.875388202501895,0.3333333333333334,1.935765049661637,203.77438504385188,204.98373919248652,32.803504744658454,38.87896071460029,56.89534349902105,80.1667968927247,1915.1246117974981,42018.333333333336,41.287836178124415,20.643918089062208,2.397345706398258,0.41376137380953226,0.25565782056754205,tRNA
pre_9_test_U00096.3/2785837-2785765,73.00000000000004,54.60426244778847,1359.0,9.875020774660197,0.33333333333333315,1.7186545386109973,154.2400726140908,155.30749069721867,22.65190468716218,37.0139025014064,54.60426244778847,72.88425883480107,1349.1249792253398,24120.416666666668,35.870356333394675,17.935178166697337,2.1128777070423386,0.35780074348585994,0.2646126468038793,tRNA
