nameseq,avg_betweenness.1-mer,avg_degree.1-mer,assortativity_degree.1-mer,maxdegree.1-mer,mindegree.1-mer,std_degree.1-mer,average_path_length.1-mer,transitivity_avglocal_undirected.1-mer,transitivity_undirected.1-mer,number_of_edges.1-mer,motifs3.1-mer,motifs4.1-mer,authority_score.1-mer,closeness.1-mer,Burts_constraint.1-mer,count_multiple.1-mer,density.1-mer,diameter.1-mer,eccentricity.1-mer,edge_betweenness.1-mer,hub_score.1-mer,maxdegreetwo.1-mer,neighborhood_size.1-mer,radius.1-mer,avg_weighted_degree.1-mer,number_vertices.1-mer,avg_betweenness.2-mer,avg_degree.2-mer,assortativity_degree.2-mer,maxdegree.2-mer,mindegree.2-mer,std_degree.2-mer,average_path_length.2-mer,transitivity_avglocal_undirected.2-mer,transitivity_undirected.2-mer,number_of_edges.2-mer,motifs3.2-mer,motifs4.2-mer,authority_score.2-mer,closeness.2-mer,Burts_constraint.2-mer,count_multiple.2-mer,density.2-mer,diameter.2-mer,eccentricity.2-mer,edge_betweenness.2-mer,hub_score.2-mer,maxdegreetwo.2-mer,neighborhood_size.2-mer,radius.2-mer,avg_weighted_degree.2-mer,number_vertices.2-mer,avg_betweenness.3-mer,avg_degree.3-mer,assortativity_degree.3-mer,maxdegree.3-mer,mindegree.3-mer,std_degree.3-mer,average_path_length.3-mer,transitivity_avglocal_undirected.3-mer,transitivity_undirected.3-mer,number_of_edges.3-mer,motifs3.3-mer,motifs4.3-mer,authority_score.3-mer,closeness.3-mer,Burts_constraint.3-mer,count_multiple.3-mer,density.3-mer,diameter.3-mer,eccentricity.3-mer,edge_betweenness.3-mer,hub_score.3-mer,maxdegreetwo.3-mer,neighborhood_size.3-mer,radius.3-mer,avg_weighted_degree.3-mer,number_vertices.3-mer,label
pre_sp|A5U8S5|COAX_MYCTA,4.2,27.1,0.02575461385299776,72.0,4.0,19.09685838037241,1.4421052631578948,0.6876545105221575,0.6820469798657718,271.0,650.0,3022.0,0.3861843623510382,0.7078909935557954,0.29972417897984205,3.6789667896678973,1.4263157894736842,3.0,2.15,1.0110701107011066,0.3861843623510378,62.0,11.799999999999999,2.0,27.1,20.0,255.41558441558442,3.506493506493505,0.27475257442801626,14.0,2.0,2.262761079854276,4.338765809354045,0.014352710781282214,0.04240282685512368,270.0,825.0,3735.0,0.04716530622506211,0.23507560430254645,0.386914066445707,1.1037037037037039,0.02291825821237586,9.0,7.0324675324675345,189.31481481481478,0.04716530622506222,12.0,4.298701298701298,5.0,3.506493506493505,154.0,2327.2265625000014,2.1015624999999996,0.0074163378635125725,4.0,1.0,0.4650242559197853,19.252757352941178,0.0,0.0,269.0,319.0,427.0,0.009642582440533076,0.054512722045922064,0.49121093750000006,1.0,0.008241421568627451,59.0,43.10937500000002,2336.0966542750916,0.009642582440532819,4.0,3.093750000000001,30.0,2.1015624999999996,256.0,Predicted
pre_sp|Q65JY2|MURD_BACLD,2.1999999999999993,44.99999999999999,0.05169389635503146,90.0,6.0,24.570307283385773,1.231578947368421,0.8459242915667063,0.8267491670633031,450.0,943.0,4272.0,0.4607069997360186,0.8271088388165003,0.2632341545433443,4.342222222222229,2.3684210526315788,2.0,1.95,0.5199999999999996,0.4607069997360184,80.0,15.6,1.0,44.99999999999999,20.0,398.3017241379308,3.870689655172414,0.23838620644789732,18.0,1.0,2.5748457349632625,4.448499776085983,0.01159992004147848,0.019404915912031046,449.0,1526.0,7806.0,0.059501059405542164,0.2293017622669829,0.3679329679505909,1.1514476614699325,0.016756232273473653,12.0,8.521551724137932,265.4832962138083,0.059501059405542206,18.0,4.568965517241377,6.0,3.870689655172414,232.0,4223.406175771968,2.128266033254155,0.29617316374542807,6.0,1.0,0.5493974981163652,21.111457979866532,0.0,0.0,448.0,529.0,752.0,0.0038433532782228964,0.04972083836248873,0.48894827131169166,1.0223214285714275,0.005067300079176564,55.0,40.34916864608071,4166.214285714284,0.0038433532782229086,6.0,3.099762470308788,31.0,2.128266033254155,421.0,Predicted
pre_sp|Q8DPJ8|RNC_STRR6,3.7368421052631584,24.315789473684212,0.042120963309120234,54.0,4.0,14.327201333859374,1.4152046783625731,0.6833571399360873,0.6486486486486487,231.0,609.0,2728.0,0.3920419735697244,0.7189372569803661,0.28586088716219904,3.06926406926407,1.3508771929824561,3.0,2.105263157894737,1.0476190476190477,0.3920419735697247,46.0,11.63157894736842,2.0,24.315789473684212,19.0,284.9931972789115,3.1292517006802707,0.1246860369821063,12.0,1.0,1.804273494071415,4.90401640108098,0.026223316912972083,0.03343949044585987,230.0,614.0,2327.0,0.07628772999748601,0.20939394652660326,0.4184088207042078,1.0869565217391304,0.021433230826577207,11.0,8.578231292517003,228.804347826087,0.07628772999748602,10.0,3.9931972789115675,6.0,3.1292517006802707,147.0,3018.7207207207207,2.0630630630630624,0.12833955759838975,4.0,1.0,0.38623335333740566,28.318739554033673,0.0,0.0,229.0,250.0,298.0,0.025482472441901886,0.03695952909809267,0.499436936936937,1.0174672489082972,0.009335126982185804,77.0,57.60810810810811,3033.567685589521,0.025482471208972735,4.0,3.045045045045046,40.0,2.0630630630630624,222.0,Predicted
pre_sp|Q88VH0|APT_LACPL,4.631578947368421,18.000000000000004,-0.2108053051317604,34.0,2.0,9.553175278133278,1.5146198830409356,0.6995209468893681,0.6151898734177215,171.0,466.0,2028.0,0.5370733774756633,0.6735180133241481,0.3217982136092744,2.426900584795321,1.0,3.0,2.105263157894737,1.5146198830409352,0.5370733774756634,32.0,9.842105263157896,2.0,18.000000000000004,19.0,239.46280991735534,2.8099173553719003,-0.030935748829354782,8.0,2.0,1.3685611047016122,4.991046831955923,0.020070838252656435,0.015345268542199489,170.0,387.0,1154.0,0.15679983200036207,0.20385899962909393,0.42321295339761267,1.0352941176470598,0.023415977961432508,10.0,8.008264462809915,213.14705882352945,0.1567998320003625,8.0,3.760330578512397,6.0,2.8099173553719003,121.0,2450.3413173652702,2.023952095808384,-0.029483430799223276,4.0,1.0,0.28854571983609,30.522184546569513,0.0,0.0,169.0,180.0,203.0,0.07599764004700627,0.03488702037752875,0.5014970059880235,1.0,0.012192482504869779,94.0,68.61077844311383,2503.3609467455626,0.07599764004700701,4.0,3.023952095808384,47.0,2.023952095808384,167.0,Predicted
pre_sp|Q92EF1|KPRS2_LISIN,3.1052631578947363,32.631578947368425,-0.0896428066651167,68.0,4.0,17.293779004132304,1.345029239766082,0.752635737155861,0.7233560090702947,310.0,685.0,2996.0,0.4924320571037393,0.7579315627620976,0.283231166748822,3.5483870967741953,1.8128654970760232,2.0,2.0,0.7419354838709673,0.49243205710373905,64.0,12.789473684210526,2.0,32.631578947368425,19.0,301.217877094972,3.452513966480447,0.050429224161726204,12.0,1.0,1.9948906366113341,4.38447052915699,0.012680577849117174,0.01507537688442211,309.0,985.0,4326.0,0.031131602595074876,0.23185377790117853,0.38091417942616723,1.0582524271844664,0.019396145879103634,9.0,6.9664804469273705,226.04854368932038,0.03113160259507489,10.0,4.3407821229050265,5.0,3.452513966480447,179.0,4755.129568106313,2.046511627906976,0.014219004145024193,4.0,1.0,0.33285654432603873,32.70086378737542,0.0,0.0,308.0,334.0,389.0,0.008024171629127134,0.03201532713914651,0.4975083056478405,1.0,0.00682170542635659,102.0,72.64451827242526,4793.649350649348,0.00802417162912712,4.0,3.0398671096345504,55.0,2.046511627906976,301.0,Predicted
pre_sp|Q92BJ1|DTD_LISIN,4.7368421052631575,15.68421052631579,0.017718398760966505,32.0,2.0,8.596527031790819,1.5263157894736843,0.5940988835725678,0.5977157360406091,149.0,474.0,2050.0,0.46212403949061653,0.6684762889969238,0.30306709760189426,2.087248322147651,0.8713450292397661,3.0,2.263157894736843,1.7516778523489938,0.46212403949061664,28.0,9.947368421052632,2.0,15.68421052631579,19.0,252.29203539823007,2.6194690265486735,0.02944676541334407,6.0,1.0,1.1076450668753905,5.505214917825537,0.011011904761904763,0.009708737864077669,148.0,307.0,833.0,0.18813513581361493,0.18687970300800927,0.43627089478859377,1.0,0.02338811630847029,14.0,10.34513274336283,235.38513513513504,0.18813513581361493,6.0,3.6194690265486735,8.0,2.6194690265486735,113.0,3576.9999999999995,1.9864864864864862,-0.0068493150684710916,2.0,1.0,0.11545951007185855,49.666666666666664,0.0,0.0,147.0,146.0,145.0,0.6409329574020243,0.02108444168921,0.5067567567567569,1.0,0.013513513513513513,147.0,110.50000000000001,3675.3333333333335,0.6409327193657913,2.0,2.986486486486487,74.0,1.9864864864864862,148.0,Predicted
pre_sp|Q5HG25|DAPA_STAAC,2.6666666666666665,32.666666666666664,-0.052290003392054515,58.0,5.0,14.813657362192648,1.3137254901960784,0.74735865985866,0.7325,294.0,614.0,2540.0,0.5893854244052461,0.7739134015074772,0.2764535045878223,3.510204081632653,1.9215686274509802,2.0,2.0,0.6836734693877548,0.5893854244052459,54.0,12.666666666666666,2.0,32.666666666666664,18.0,320.1412429378532,3.3107344632768365,0.03850568823713268,16.0,1.0,2.030709993175516,4.63796866974833,0.013938232903750144,0.010752688172043012,293.0,831.0,3384.0,0.060846626801300506,0.21919719495196718,0.40011847623282415,1.1160409556313993,0.018810991268618387,9.0,7.451977401129941,246.55631399317414,0.060846626801300506,16.0,4.118644067796611,6.0,3.3107344632768365,177.0,2835.117857142856,2.0857142857142836,0.19868847785024388,4.0,1.0,0.4307089551908953,21.323425499231952,0.0,0.0,292.0,337.0,447.0,0.01913179892881366,0.05000498244397493,0.49285714285714305,1.006849315068493,0.00747567844342038,68.0,49.95357142857144,2852.3732876712347,0.019131798929163443,4.0,3.0785714285714287,34.0,2.0857142857142836,280.0,Predicted
pre_sp|Q65LE8|ARGB_BACLD,4.3999999999999995,25.7,-0.2087764872450264,54.0,2.0,17.280335644888382,1.4631578947368422,0.7767427833604305,0.6782608695652174,257.0,630.0,2865.0,0.5063205881673656,0.7029577028862004,0.3367051816127764,3.4591439688715964,1.3526315789473684,2.0,2.0,1.0817120622568084,0.5063205881673654,50.0,11.200000000000001,2.0,25.7,20.0,262.92207792207773,3.3246753246753262,0.09149903998556756,10.0,1.0,1.9469693961772663,4.436889907478143,0.016604419545596015,0.020242914979757085,256.0,731.0,2924.0,0.16816628572443823,0.22894070376444783,0.39800674152236676,1.0781250000000007,0.02172990408284526,9.0,7.084415584415586,204.18359374999997,0.1681662857244382,10.0,4.15584415584416,6.0,3.3246753246753262,154.0,3021.878048780486,2.0731707317073154,0.24035747883349204,4.0,1.0,0.40666663415934307,25.668392234942758,0.0,0.0,255.0,282.0,349.0,0.02013685902965343,0.041847064356121365,0.4959349593495935,1.0156862745098045,0.008461921353907416,84.0,61.96341463414634,3033.3999999999996,0.020136858896956402,4.0,3.05691056910569,42.0,2.0731707317073154,246.0,Predicted
pre_sp|Q92BT5|MURB_LISIN,2.6315789473684212,31.263157894736846,0.05761551538232573,62.0,6.0,16.73899357240974,1.2923976608187135,0.7428314289769397,0.748494983277592,297.0,749.0,3313.0,0.5177164034372397,0.7844558565709878,0.2743784799281692,3.6666666666666665,1.736842105263158,2.0,2.0,0.7441077441077442,0.5177164034372395,60.0,13.73684210526316,2.0,31.263157894736846,19.0,304.70857142857136,3.3828571428571435,0.20262053241020378,12.0,2.0,2.1585028825270425,4.5023973727422,0.014630385487528347,0.022850924918389554,296.0,905.0,4005.0,0.08395947351503676,0.22627046508491286,0.39391874862213394,1.114864864864866,0.019441707717569787,10.0,7.439999999999999,231.5844594594594,0.0839594735150367,12.0,4.222857142857141,6.0,3.3828571428571435,175.0,4571.280701754383,2.070175438596488,0.3471686050800368,6.0,1.0,0.44562784893632335,33.192117617988636,0.0,0.0,295.0,326.0,400.0,0.016266931870277872,0.03273587254127396,0.49473684210526325,1.0203389830508474,0.0072893501359031386,106.0,82.64210526315784,4553.508474576272,0.01626694019744855,6.0,3.0561403508771923,53.0,2.070175438596488,285.0,Predicted
pre_sp|O05515|TSAE_BACSU,5.25,15.699999999999998,-0.12493343956511158,36.0,4.0,8.718371407550839,1.5526315789473684,0.6153300865800865,0.5325670498084292,157.0,505.0,2414.0,0.44471893551785446,0.6544753468728548,0.3042219408607819,2.3375796178343933,0.8263157894736842,3.0,2.1500000000000004,1.8789808917197446,0.4447189355178544,32.0,9.7,2.0,15.699999999999998,20.0,352.8709677419353,2.516129032258065,0.15179723697294117,6.0,1.0,1.0960623876149684,6.737739312876999,0.0,0.0,156.0,278.0,659.0,0.05359751371120795,0.15348234004016828,0.4551971326164875,1.0641025641025632,0.02045633359559402,18.0,14.338709677419354,329.3717948717949,0.05359751371120562,6.0,3.451612903225805,9.0,2.516129032258065,124.0,1590.9999999999993,2.0261437908496736,-0.026132404181184864,6.0,1.0,0.3782953236205956,21.93421052631579,0.0,0.0,155.0,170.0,209.0,0.03839845294087339,0.04863191386974555,0.5027233115468408,1.0,0.013329893360853112,63.0,47.692810457516366,1645.4903225806452,0.03839845296500324,6.0,3.0261437908496736,32.0,2.0261437908496736,153.0,Predicted
pre_sp|Q92A79|NDK_LISIN,4.421052631578948,15.368421052631582,-0.03508632465746573,30.0,2.0,7.463670088578121,1.4912280701754386,0.6464459517091096,0.6111111111111112,146.0,512.0,2266.0,0.5324723540345337,0.6839370317601595,0.301586505709097,1.9726027397260268,0.8538011695906432,3.0,2.1578947368421053,1.7465753424657529,0.5324723540345339,30.0,10.368421052631579,2.0,15.368421052631582,19.0,369.29752066115697,2.3966942148760335,0.04538863109048741,6.0,1.0,0.9747162235301172,7.154958677685951,0.010364145658263307,0.012195121951219513,145.0,244.0,538.0,0.098587858999949,0.14493334787946083,0.46883608815426997,1.027586206896552,0.01997245179063361,19.0,14.396694214876034,358.2413793103449,0.09858785899994861,6.0,3.3636363636363646,10.0,2.3966942148760335,121.0,1527.321678321679,2.0139860139860137,-0.020425177157145848,4.0,1.0,0.26407283340558324,22.511572934108145,0.0,0.0,144.0,151.0,166.0,0.08814281812749028,0.04638509253479136,0.5034965034965035,1.0,0.014183000098493057,54.0,43.45454545454544,1587.2222222222222,0.07415664017221003,4.0,3.0139860139860137,36.0,2.0139860139860137,143.0,Predicted
pre_sp|Q65I57|PANC_BACLD,2.631578947368421,30.210526315789476,0.06912745994596103,50.0,2.0,13.828189923670305,1.2923976608187135,0.8193199387471835,0.7989657401422108,287.0,723.0,3027.0,0.5730444123478615,0.7901191800535972,0.2814955725879598,3.1811846689895495,1.6783625730994152,2.0,1.9473684210526312,0.7700348432055742,0.5730444123478612,46.0,13.73684210526316,1.0,30.210526315789476,19.0,344.7897727272728,3.2500000000000004,0.15053068758652546,12.0,1.0,1.6770509831248424,4.940454545454545,0.012484848484848484,0.016282225237449117,286.0,729.0,2669.0,0.11318567725420152,0.20557115931802297,0.39433451266133546,1.1188811188811183,0.018571428571428572,10.0,8.107954545454547,266.02447552447535,0.11318567725420162,12.0,4.06818181818182,7.0,3.2500000000000004,176.0,2740.1727941176455,2.095588235294118,-0.025531185743663226,4.0,1.0,0.45177226939134224,21.22267744736271,0.0,0.0,285.0,340.0,459.0,0.05002907980878693,0.048715762224591126,0.49080882352941185,1.0,0.007732797916214456,53.0,40.444852941176464,2744.501754385964,0.05002907980937149,4.0,3.095588235294118,31.0,2.095588235294118,272.0,Predicted
pre_sp|Q72X78|SPEE_BACC1,2.9473684210526314,28.8421052631579,-0.12013169273827641,58.0,6.0,14.42316542340914,1.327485380116959,0.8063473076630974,0.7607449856733525,274.0,688.0,3015.0,0.5107498129842716,0.768753727203384,0.2923817142725765,3.1751824817518246,1.6023391812865497,2.0,2.0,0.8284671532846714,0.5107498129842715,54.0,13.105263157894736,2.0,28.8421052631579,19.0,313.5755813953488,3.1744186046511635,0.009102775487771558,12.0,1.0,1.8501531078385283,4.667550659594723,0.01457898310839487,0.01835985312117503,273.0,807.0,3290.0,0.0926852333652989,0.21850043416855805,0.40422820720732844,1.0366300366300356,0.018563851489188085,10.0,7.947674418604651,251.43223443223454,0.09268523336529917,12.0,4.1046511627907,6.0,3.1744186046511635,172.0,4391.682835820891,2.029850746268655,0.0673709572792116,4.0,1.0,0.2849534789856236,33.89650064285315,0.0,0.0,272.0,291.0,334.0,0.02919117446012429,0.030421813063854764,0.4990671641791045,1.0,0.007602437251942535,80.0,65.22761194029854,4458.636029411764,0.029190731742453048,4.0,3.029850746268655,55.0,2.029850746268655,268.0,Predicted
pre_sp|Q81KI4|MOBA_BACAN,4.5,19.899999999999995,0.028408976206914502,38.0,4.0,9.61717214153932,1.4736842105263157,0.5996137196137197,0.6098741529525653,199.0,613.0,2916.0,0.49221973449313267,0.6893108397990524,0.2611129510601036,2.487437185929648,1.0473684210526315,3.0,2.1000000000000005,1.4070351758793962,0.4922197344931322,32.0,11.100000000000001,2.0,19.899999999999995,20.0,309.60563380281684,2.7887323943661957,0.0853089928644409,8.0,1.0,1.3677934626822277,5.3915692737988214,0.003546099290780141,0.013888888888888888,198.0,428.0,1262.0,0.07709761113914429,0.18895579661228423,0.4301681399158842,1.0606060606060608,0.019778243931675155,11.0,8.908450704225356,272.60101010101016,0.07709761113914425,8.0,3.690140845070423,7.0,2.7887323943661957,142.0,2673.588541666668,2.052083333333334,0.20111793073213563,4.0,1.0,0.3642855927092857,28.995691535776615,0.0,0.0,197.0,214.0,253.0,0.030787185031728063,0.0364197764951426,0.49869791666666646,1.0101522842639603,0.01074389179755672,82.0,59.54166666666669,2698.8071065989834,0.03078718503172791,4.0,3.0416666666666656,43.0,2.052083333333334,192.0,Predicted
pre_sp|Q88S50|RHAM_LACPL,6.400000000000001,10.300000000000002,0.006164262714481077,22.0,2.0,5.866003750424986,1.6736842105263159,0.47750360750360754,0.47102803738317756,103.0,367.0,1664.0,0.46500234542497826,0.607971096275801,0.31329509256755106,1.6213592233009704,0.5421052631578948,3.0,2.4999999999999996,3.087378640776699,0.465002345424978,20.0,8.100000000000001,2.0,10.300000000000002,20.0,346.1521739130434,2.2173913043478266,-0.030017983123529258,4.0,1.0,0.6728603278496592,8.607740086000955,0.0,0.0,102.0,145.0,248.0,0.12337646162380644,0.1189580053517323,0.4809782608695652,1.0,0.024366937410415672,22.0,16.576086956521745,353.25490196078437,0.1233764616238063,4.0,3.2173913043478266,12.0,2.2173913043478266,92.0,1683.3333333333333,1.9803921568627452,-0.009999999999995924,2.0,1.0,0.13864838846795047,34.333333333333336,0.0,0.0,101.0,100.0,99.0,0.6428850841790361,0.03050067791999732,0.5098039215686274,1.0,0.0196078431372549,101.0,75.99999999999999,1751.0,0.6428837246459748,2.0,2.980392156862745,51.0,1.9803921568627452,102.0,Predicted
pre_sp|A2RJT9|PYRDA_LACLM,2.526315789473684,32.63157894736841,0.009624054548465417,63.0,6.0,15.792105043896193,1.280701754385965,0.7937580908943139,0.783109404990403,310.0,747.0,3258.0,0.5306291266406361,0.7946712961080015,0.2702421556276184,3.4322580645161307,1.8128654970760232,2.0,1.9473684210526314,0.7064516129032258,0.5306291266406361,59.0,13.947368421052632,1.0,32.63157894736841,19.0,350.29787234042584,3.2872340425531905,0.12356417999508115,12.0,1.0,1.8137907901217458,4.746501308453749,0.019808088524666062,0.027210884353741496,309.0,866.0,3543.0,0.10899323732161736,0.21440450960254082,0.39717720210098173,1.090614886731391,0.01757879167140744,10.0,7.952127659574471,270.01294498381884,0.1089932373216174,12.0,4.138297872340423,6.0,3.2872340425531905,188.0,4361.317567567565,2.08108108108108,0.03682033693130086,4.0,1.0,0.41935461214007835,30.56825469537334,0.0073696145124716545,0.0084985835694051,308.0,351.0,443.0,0.019038341200039055,0.03488673651013522,0.49683277027027023,1.006493506493506,0.007054512139257902,88.0,68.27364864864867,4333.149350649354,0.019038341200029427,4.0,3.0743243243243232,61.0,2.08108108108108,296.0,Predicted
pre_sp|Q931P6|ACKA_STAAM,3.05,39.900000000000006,0.02704389593150084,76.0,2.0,21.473006310249154,1.3210526315789475,0.845897493029846,0.819578827546955,399.0,797.0,3432.0,0.543293738428957,0.7766808769960944,0.2851539595826002,3.9273182957393473,2.1,3.0,2.1500000000000004,0.6290726817042602,0.5432937384289573,72.0,14.099999999999998,2.0,39.900000000000006,20.0,372.0604651162789,3.70232558139535,0.17960363287480985,12.0,1.0,2.0356689514857926,4.477200608563356,0.028080875510782057,0.02517162471395881,398.0,1289.0,6021.0,0.10227422499639764,0.22729009005138492,0.3694420387866064,1.0854271356783924,0.017300586828950228,10.0,7.460465116279067,258.78894472361816,0.10227422499639766,12.0,4.516279069767437,6.0,3.70232558139535,215.0,4719.890052356021,2.078534031413612,0.023326549325696784,4.0,1.0,0.3951405709761928,25.77632573415234,0.0043744531933508305,0.00663716814159292,397.0,450.0,561.0,0.010117038229418942,0.04068175532848437,0.49449171029668376,1.0050377833753141,0.005455469898723393,65.0,49.69633507853404,4724.858942065494,0.010117038229418979,4.0,3.0732984293193693,39.0,2.078534031413612,382.0,Predicted
pre_sp|Q02133|HIS6_LACLA,4.300000000000001,25.8,-0.033640432383410086,54.0,2.0,16.633099530754933,1.4526315789473685,0.7270418470418469,0.6895368782161235,258.0,630.0,2860.0,0.473705690404173,0.7039472279777792,0.30904996514676447,3.147286821705427,1.3578947368421053,3.0,2.1000000000000005,1.069767441860465,0.4737056904041727,48.0,11.5,2.0,25.8,20.0,295.203821656051,3.2738853503184706,0.20238009598487294,10.0,1.0,1.739798161542426,4.784664380205782,0.005097680097680097,0.01300578034682081,257.0,686.0,2593.0,0.10613552414670271,0.21344255821173608,0.3890565286624203,1.0856031128404657,0.020986444553323536,10.0,8.076433121019107,227.98832684824893,0.10613552414670265,10.0,4.121019108280255,6.0,3.2738853503184706,157.0,2326.008097165995,2.072874493927125,-0.06828169430185753,6.0,1.0,0.44398024497992716,19.910634936308877,0.0,0.0,256.0,299.0,394.0,0.030053090324416783,0.05296550304232586,0.4946018893387314,1.0,0.008426319081004576,51.0,37.62753036437249,2362.9101562499995,0.03005309026364625,6.0,3.072874493927125,26.0,2.072874493927125,247.0,Predicted
pre_sp|Q2FJ89|HCHA_STAA3,3.5,29.1,0.003291007804829201,76.0,4.0,17.403735231265728,1.368421052631579,0.7605118819089408,0.7362338545207342,291.0,749.0,3444.0,0.3673396123049716,0.7460061281910871,0.29275236133596366,3.3436426116838485,1.5315789473684212,2.0,2.0,0.8934707903780067,0.3673396123049714,66.0,13.000000000000002,2.0,29.1,20.0,334.06666666666683,3.2222222222222214,0.1571304640921218,12.0,1.0,1.8813575345583589,4.732588454376164,0.00458254865034526,0.010922330097087379,290.0,818.0,3428.0,0.11383545309903312,0.21561953640573775,0.40218091992455435,1.0965517241379326,0.018001241464928618,10.0,7.8333333333333295,262.90344827586216,0.11383545309903316,12.0,4.0777777777777775,6.0,3.2222222222222214,180.0,3488.157706093191,2.07168458781362,0.1442918192918184,6.0,1.0,0.4340618699756586,26.094659756066115,0.0,0.0,289.0,328.0,417.0,0.02165433896767782,0.04098387935114868,0.4949721226602948,1.0069204152249136,0.007452102833861942,73.0,52.272401433691776,3501.650519031144,0.021654338967660076,6.0,3.0645161290322576,39.0,2.07168458781362,279.0,Predicted
pre_sp|Q7A827|HDOX2_STAAN,6.052631578947368,11.26315789473684,-0.04777737292767317,22.0,2.0,5.309793387428038,1.672514619883041,0.4479380268853953,0.4779874213836478,107.0,325.0,1390.0,0.4955425728199301,0.608430398515608,0.32049441349866653,1.8411214953271025,0.6257309941520468,3.0,2.5263157894736845,2.672897196261683,0.4955425728199301,20.0,8.052631578947368,2.0,11.26315789473684,19.0,270.1136363636364,2.4090909090909105,0.16043725862407446,6.0,2.0,0.8999540851465151,7.209508881922675,0.006896551724137931,0.0196078431372549,106.0,151.0,260.0,0.0562536971466369,0.14093896098802278,0.4725291105499441,1.075471698113208,0.027690700104493208,16.0,12.31818181818182,260.3584905660378,0.05625369714663703,6.0,3.2954545454545463,9.0,2.4090909090909105,88.0,1301.0776699029125,2.038834951456311,0.28714057507987134,4.0,1.0,0.36662539006794576,26.511326860841425,0.0,0.0,105.0,110.0,123.0,0.023436499611043562,0.03891633241710791,0.504854368932039,1.019047619047619,0.019988577955454025,71.0,55.999999999999986,1326.32380952381,0.04687299049236249,4.0,3.019417475728155,36.0,2.038834951456311,103.0,Predicted
pre_sp|Q81XR2|DAPF_BACAN,3.25,28.699999999999992,-0.05009425191727606,66.0,4.0,16.32207094703365,1.3421052631578947,0.7794129318394024,0.7295756808106396,287.0,811.0,3782.0,0.4138235952196694,0.7607023191856441,0.27696041455030573,3.1602787456446015,1.5105263157894737,2.0,2.0,0.8885017421602787,0.41382359521966944,54.0,13.5,2.0,28.699999999999992,20.0,371.8315217391305,3.1086956521739113,0.11955149135041772,12.0,1.0,1.775170057616835,5.063732478023283,0.0025292168149311004,0.007633587786259542,286.0,782.0,2965.0,0.05161997269035674,0.20221470310871986,0.40578441085446876,1.0559440559440556,0.016987407935376574,13.0,9.701086956521747,298.08741258741236,0.051619972690356716,10.0,4.010869565217391,7.0,3.1086956521739113,184.0,5137.734767025092,2.0430107526881707,0.09996133023975848,4.0,1.0,0.325079923824322,37.96212062607978,0.0,0.0,285.0,312.0,375.0,0.05514486192247067,0.028566457015046214,0.4973118279569892,1.0,0.007348959542043784,126.0,91.56630824372758,5165.645614035083,0.05514486192247232,4.0,3.0430107526881707,63.0,2.0430107526881707,279.0,Predicted
pre_sp|P64180|G3P2_STAAM,3.3999999999999995,34.0,-0.04159497156663682,66.0,6.0,19.74082065163452,1.3578947368421053,0.7710312563253738,0.7421671018276762,340.0,774.0,3597.0,0.5121467569524906,0.7525990746932614,0.2851563133358858,3.8764705882352986,1.7894736842105263,3.0,2.1,0.7588235294117646,0.5121467569524906,62.0,13.3,2.0,34.0,20.0,329.7748691099479,3.5497382198952883,0.16524272991579694,12.0,2.0,2.1061832268049043,4.471314411683659,0.022558796642566274,0.02203856749311295,339.0,1073.0,4814.0,0.0841202444177125,0.22753828628059566,0.37949098628583333,1.1002949852507378,0.01868283273629099,10.0,7.528795811518323,239.3274336283186,0.08412024441771253,12.0,4.382198952879583,6.0,3.5497382198952883,191.0,3910.957055214723,2.0736196319018374,0.0031317461765294464,4.0,1.0,0.40028030375947626,25.067428032090607,0.0,0.0,338.0,389.0,497.0,0.022343866342387487,0.04081957976906281,0.4930981595092028,1.0,0.006380368098159509,63.0,48.31288343558281,3928.8372781065073,0.02234386637068869,4.0,3.0736196319018374,36.0,2.0736196319018374,326.0,Predicted
pre_sp|Q63A51|COAW_BACCZ,4.300000000000001,27.500000000000004,-0.07866587780839186,66.0,2.0,18.922209173349714,1.4526315789473685,0.817242022683199,0.7271980279375514,275.0,627.0,2760.0,0.43502838682033723,0.7092674700468818,0.34197462940141615,3.858181818181817,1.4473684210526316,3.0,2.1,1.0036363636363637,0.4350283868203375,60.0,11.5,2.0,27.500000000000004,20.0,275.5723270440251,3.446540880503143,0.11254967041226983,14.0,1.0,2.294778866703919,4.4882573043547485,0.022474977252047314,0.02497027348394768,274.0,827.0,3599.0,0.04669906600461158,0.22710737821179489,0.40671996224473933,1.1386861313868617,0.02181354987660218,9.0,7.333333333333335,205.7554744525548,0.046699066004611635,12.0,4.207547169811324,6.0,3.446540880503143,159.0,3053.123076923078,2.1,0.23628960779968922,6.0,1.0,0.49380781063704726,24.576239976239975,0.0,0.0,273.0,312.0,409.0,0.02533214249722992,0.04433321501382662,0.49364316239316236,1.0219780219780217,0.008108108108108109,82.0,65.09999999999992,3031.0695970695983,0.02533214249722806,6.0,3.076923076923077,41.0,2.1,260.0,Predicted
pre_sp|Q9RL97|MNME_STRAG,3.25,46.1,-0.07883749913735318,116.0,2.0,29.958137458794067,1.3421052631578947,0.8341631897514252,0.795808383233533,461.0,784.0,3453.0,0.411553634500564,0.7670866161373247,0.3062927828292859,5.229934924078091,2.4263157894736844,3.0,2.150000000000001,0.5531453362255967,0.4115536345005641,102.0,13.700000000000001,2.0,46.1,20.0,316.7793427230049,4.319248826291079,0.253336597582248,14.0,1.0,2.831986213704314,3.988484365311365,0.020217675406354652,0.029765013054830286,460.0,1877.0,11446.0,0.1363326759185613,0.25506349621127233,0.343462013903952,1.1478260869565222,0.02037381521835415,8.0,6.276995305164322,195.76521739130442,0.1363326759185613,14.0,5.028169014084509,5.0,4.319248826291079,213.0,3974.438515081205,2.129930394431555,0.11107838098699971,8.0,1.0,0.575452808517118,19.485760535261427,0.0031080031080031084,0.00528169014084507,459.0,566.0,841.0,0.012758987058743603,0.05365567986317182,0.489456448182521,1.0130718954248368,0.004953326498678034,52.0,39.828306264501194,3933.873638344226,0.012758803400059877,8.0,3.116009280742461,26.0,2.129930394431555,431.0,Predicted
pre_sp|O31521|URHG1_BACSU,1.8421052631578947,36.10526315789474,-0.12879746814992304,76.0,18.0,16.546250129615487,1.2046783625730995,0.8343720349138305,0.8209513629075361,343.0,847.0,3653.0,0.5166465903297589,0.8412010784189514,0.2653755134331941,3.384839650145772,2.0058479532163744,2.0,1.8947368421052628,0.6005830903790088,0.5166465903297597,72.0,15.31578947368421,1.0,36.10526315789474,19.0,424.39712918660274,3.272727272727274,0.22257632803479316,10.0,1.0,1.891120709542367,5.080741626794258,0.02988782051282051,0.019889502762430938,342.0,893.0,3442.0,0.07163502072190049,0.20063897729540198,0.4112597650952327,1.1461988304093569,0.015734265734265736,10.0,8.34928229665072,322.90935672514644,0.07163502072190056,10.0,4.052631578947368,7.0,3.272727272727274,209.0,2942.5625000000005,2.1312500000000005,0.12838953451450943,6.0,1.0,0.5376090005756972,19.448667711598745,0.006813417190775682,0.007177033492822967,341.0,416.0,594.0,0.018726713293116787,0.05317148335727135,0.4911241319444445,1.0117302052785933,0.006681034482758621,43.0,34.88437499999997,2911.026392961875,0.01872671329311383,6.0,3.1187500000000004,24.0,2.1312500000000005,320.0,Predicted
pre_sp|Q65K78|MOBA_BACLD,4.45,19.4,-0.05061656404036552,38.0,5.0,10.70233619356073,1.4684210526315788,0.6414905927405926,0.5930568948891032,194.0,627.0,3042.0,0.522937069287177,0.6916178193342889,0.27749580427469445,2.4742268041237123,1.0210526315789472,2.0,2.0,1.438144329896907,0.5229370692871769,38.0,11.1,2.0,19.4,20.0,335.16312056737587,2.73758865248227,0.08727093101409804,8.0,1.0,1.3612957431420865,5.788044579533941,0.004047619047619047,0.007407407407407408,193.0,403.0,1177.0,0.11263268108808625,0.17682105860973096,0.43533909574468077,1.0725388601036263,0.019554204660587642,14.0,10.347517730496454,296.00000000000006,0.11263268108808633,8.0,3.6382978723404262,8.0,2.73758865248227,141.0,2673.139037433156,2.053475935828877,0.026917445658297644,4.0,1.0,0.3690227058628046,29.743430510033924,0.0,0.0,192.0,215.0,266.0,0.040874368754637014,0.03466503161805083,0.49732620320855603,1.0,0.01104019320338106,77.0,60.7005347593583,2694.1041666666656,0.040874373323581806,4.0,3.053475935828877,39.0,2.053475935828877,187.0,Predicted
pre_sp|Q9CEN1|MURE_LACLA,2.6,48.2,0.08499692081180733,103.0,2.0,26.680704638371154,1.2736842105263158,0.8438138658726894,0.8717948717948718,482.0,833.0,3496.0,0.4348159059595772,0.8077837603272385,0.29288724339979383,5.12033195020747,2.5368421052631582,3.0,2.1,0.5020746887966807,0.4348159059595769,93.0,14.9,2.0,48.2,20.0,357.98245614035096,4.219298245614032,0.21311277374442295,18.0,1.0,2.867723505506068,4.154030450575779,0.020439447972487625,0.03338391502276176,481.0,1933.0,11518.0,0.05758379675694421,0.24536922741991776,0.35508712022737315,1.1621621621621623,0.018587216941030993,9.0,6.881578947368422,223.48856548856534,0.05758379675694419,18.0,4.9298245614035086,6.0,4.219298245614032,228.0,4863.36946902655,2.1238938053097343,0.15498190889869673,6.0,1.0,0.5132361902212044,22.567048643133255,0.0,0.0,480.0,575.0,805.0,0.014824027553902138,0.046440438416858666,0.48942969518190743,1.0166666666666677,0.004709298903125798,62.0,45.033185840707944,4792.018749999999,0.014824027553902103,6.0,3.1061946902654873,35.0,2.1238938053097343,452.0,Predicted
pre_sp|P94388|CAH_BACSU,2.1578947368421053,33.368421052631575,-0.008544292075172941,56.0,8.0,13.358263857867117,1.239766081871345,0.8040144581940248,0.7950963222416813,317.0,805.0,3515.0,0.562662686946424,0.8168354621840068,0.2517482419507319,3.1451104100946377,1.8538011695906436,2.0,2.0,0.6687697160883278,0.5626626869464237,56.0,14.68421052631579,2.0,33.368421052631575,19.0,377.2358974358974,3.241025641025641,0.18251629550656792,10.0,1.0,1.6850348773257118,4.88902987047317,0.002061855670103093,0.0035252643948296123,316.0,849.0,3223.0,0.03167269912835234,0.20795739692012163,0.38674661680911676,1.0632911392405062,0.016706317737245572,11.0,8.302564102564107,292.64556962025307,0.03167269912835234,10.0,4.107692307692309,7.0,3.241025641025641,195.0,4338.467320261435,2.058823529411763,0.14666166541635461,4.0,1.0,0.3657795707093653,29.448966034501233,0.0,0.0,315.0,343.0,406.0,0.01884957883995064,0.03564408393080316,0.4967320261437911,1.0063492063492065,0.006750241080038572,74.0,59.346405228758165,4362.653968253968,0.01881341127013066,4.0,3.045751633986927,49.0,2.058823529411763,306.0,Predicted
pre_sp|Q8RPQ1|DPS1_BACAN,4.7894736842105265,15.368421052631579,0.027536570775226695,36.0,2.0,9.47690003899115,1.5321637426900585,0.5333146385777964,0.5502717391304348,146.0,466.0,2074.0,0.43656221001271406,0.6632699663475722,0.30783281436409976,2.3698630136986303,0.8538011695906432,3.0,2.210526315789474,1.7945205479452049,0.4365622100127138,32.0,9.73684210526316,2.0,15.368421052631579,19.0,261.7818181818182,2.6363636363636376,0.0718833224748256,10.0,1.0,1.406008358485906,5.803336113427856,0.013149847094801223,0.009523809523809525,145.0,313.0,973.0,0.10019191896321183,0.1782397707846327,0.4519905303030304,1.0413793103448277,0.024186822351959965,15.0,12.100000000000001,239.9379310344828,0.10019191896321178,10.0,3.581818181818182,8.0,2.6363636363636376,110.0,1702.3661971830988,2.028169014084508,0.13078470824949726,4.0,1.0,0.312726807199641,25.147038257916293,0.0,0.0,144.0,155.0,182.0,0.06011837529791001,0.04276782350356855,0.5017605633802814,1.0,0.01438417740485466,76.0,58.13380281690138,1748.2430555555547,0.060118375297909726,4.0,3.028169014084508,38.0,2.028169014084508,142.0,Predicted
pre_sp|Q81SX4|IDI2_BACAN,3.3999999999999995,34.800000000000004,-0.027338647646220546,66.0,2.0,18.938320939301878,1.3578947368421053,0.8239465844612903,0.7749360613810742,348.0,756.0,3399.0,0.5140946649771208,0.7556936160415508,0.28912008088828883,3.6609195402298855,1.831578947368421,3.0,2.1,0.7413793103448275,0.514094664977121,60.0,13.3,2.0,34.800000000000004,20.0,372.8861386138613,3.4356435643564343,0.14310874361899031,12.0,2.0,1.992142195331191,4.7103098369538445,0.011393996542511395,0.014326647564469915,347.0,1037.0,4538.0,0.035431942446806204,0.21663904569738562,0.3788551168484902,1.0864553314121046,0.017092754051524554,10.0,8.475247524752476,275.57348703170055,0.035431942446806225,12.0,4.2673267326732685,6.0,3.4356435643564343,202.0,5284.498498498496,2.078078078078076,0.3765420120311617,4.0,1.0,0.40997315509409593,32.83432830420782,0.0,0.0,346.0,379.0,467.0,0.01982358114692274,0.03366074720726272,0.49549549549549565,1.0173410404624272,0.006259271319512282,119.0,90.42342342342344,5245.710982658959,0.019823581347968806,4.0,3.0540540540540517,60.0,2.078078078078076,333.0,Predicted
pre_sp|Q2FYG7|NDK_STAA8,4.473684210526317,15.578947368421053,-0.02912415208470285,29.0,4.0,7.548550153392541,1.4970760233918128,0.6135072529809372,0.5818181818181818,148.0,505.0,2284.0,0.5327353450098533,0.6778181444324285,0.27986122198515473,2.0270270270270276,0.8654970760233919,3.0,2.2105263157894735,1.7297297297297296,0.5327353450098534,29.0,10.368421052631577,2.0,15.578947368421053,19.0,299.1551724137932,2.5344827586206904,-0.07927700714585902,6.0,1.0,1.0374956126434747,6.202698650674662,0.0,0.0,147.0,264.0,612.0,0.13064966533178696,0.16414493141766795,0.45306513409961685,1.0544217687074833,0.022038980509745128,14.0,11.086206896551726,281.44217687074837,0.13064966533178818,6.0,3.465517241379309,9.0,2.5344827586206904,116.0,1449.2500000000002,2.0277777777777786,-0.03428733352224273,4.0,1.0,0.3105649968749708,21.26923076923077,0.0,0.0,146.0,157.0,180.0,0.07994015820688585,0.04879097145039098,0.5017361111111108,1.0,0.01418026418026418,55.0,41.680555555555586,1499.9178082191777,0.07994015819300893,4.0,3.0277777777777786,34.0,2.0277777777777786,144.0,Predicted
pre_sp|P45947|ARSC_BACSU,5.05,13.799999999999999,0.052671351086518464,26.0,6.0,6.021627686929839,1.5315789473684212,0.5123823398823399,0.4882860665844636,138.0,547.0,2708.0,0.5069790986827359,0.660052385708331,0.2540106046110409,1.7536231884057978,0.7263157894736842,3.0,2.15,2.1086956521739144,0.5069790986827356,24.0,10.1,2.0,13.799999999999999,20.0,469.68067226890764,2.302521008403361,0.06056323283082193,6.0,1.0,0.794462154608302,8.960689360489958,0.003703703703703704,0.014778325123152709,137.0,201.0,355.0,0.05204020831770135,0.11512379100297533,0.4747388538748832,1.0145985401459854,0.0195128899017234,23.0,17.789915966386552,459.21897810218974,0.05204020831770126,6.0,3.2689075630252105,15.0,2.302521008403361,119.0,2885.1102941176478,2.0,-0.007407407407410212,4.0,1.0,0.21004201260420147,43.742374727668846,0.0,0.0,136.0,139.0,146.0,0.04167378283421476,0.024024156098531473,0.5055147058823527,1.0,0.014814814814814815,131.0,97.64705882352945,2952.6102941176464,0.04167378283421492,4.0,2.9999999999999996,66.0,2.0,136.0,Predicted
pre_sp|O07608|LPLJ_BACSU,3.6999999999999997,33.0,-0.03357746348287995,62.0,4.0,17.69463195435271,1.3894736842105264,0.7844213711125475,0.7420718816067653,330.0,717.0,3246.0,0.5252837399156364,0.7368921261677899,0.28757615569523587,3.4969696969696993,1.736842105263158,3.0,2.1,0.7999999999999995,0.5252837399156366,56.0,12.700000000000001,2.0,33.0,20.0,351.8153846153845,3.3743589743589757,0.1324005182747495,10.0,1.0,1.8420609902091272,4.626962727993656,0.005539106834443622,0.011988011988011988,329.0,993.0,4261.0,0.11731050997091241,0.22061634444840925,0.38535083293763844,1.054711246200607,0.01739360296061327,10.0,7.758974358974358,266.015197568389,0.11731050997091252,10.0,4.261538461538462,6.0,3.3743589743589757,195.0,5314.534375,2.0499999999999976,-0.05391962674414024,4.0,1.0,0.3409545424246464,34.31996473354232,0.0,0.0,328.0,363.0,434.0,0.014895265724593171,0.030276727886402538,0.49609375000000006,1.0,0.006426332288401253,85.0,65.27812500000009,5340.521341463417,0.032798259478521476,4.0,3.0499999999999976,43.0,2.0499999999999976,320.0,Predicted
pre_sp|Q65CR5|PURA_BACLD,2.9500000000000006,42.9,-0.016749113656406838,84.0,6.0,22.91484235162878,1.3105263157894738,0.7900278234837058,0.7717770034843205,429.0,836.0,3807.0,0.45818997265074624,0.77801452197122,0.2745630004821809,4.459207459207458,2.2578947368421054,2.0,2.0,0.5804195804195798,0.45818997265074574,80.0,14.100000000000003,2.0,42.9,20.0,384.4776785714284,3.8214285714285707,0.3121134391683633,18.0,1.0,2.5624844449502997,4.448230301089046,0.025303550303550304,0.02689655172413793,428.0,1424.0,7118.0,0.022937904561171823,0.22873317210358002,0.37181233078083653,1.149532710280374,0.017136450992953235,10.0,7.843749999999997,259.5771028037385,0.022937904561171823,16.0,4.5446428571428585,6.0,3.8214285714285707,224.0,3879.1861042183623,2.119106699751858,0.23161608700435293,6.0,1.0,0.5641983671973586,20.29943335432021,0.0,0.0,427.0,519.0,763.0,0.009888453358218571,0.051328797853556,0.4899021229666392,1.0093676814988293,0.005271409700875276,52.0,38.94789081885858,3850.854800936763,0.009888453358218592,6.0,3.1042183622828787,30.0,2.119106699751858,403.0,Predicted
