A,C,G,T,AA,AC,AG,AT,CA,CC,CG,CT,GA,GC,GG,GT,TA,TC,TG,TT,A_AA,A_AC,A_AG,A_AT,A_CA,A_CC,A_CG,A_CT,A_GA,A_GC,A_GG,A_GT,A_TA,A_TC,A_TG,A_TT,C_AA,C_AC,C_AG,C_AT,C_CA,C_CC,C_CG,C_CT,C_GA,C_GC,C_GG,C_GT,C_TA,C_TC,C_TG,C_TT,G_AA,G_AC,G_AG,G_AT,G_CA,G_CC,G_CG,G_CT,G_GA,G_GC,G_GG,G_GT,G_TA,G_TC,G_TG,G_TT,T_AA,T_AC,T_AG,T_AT,T_CA,T_CC,T_CG,T_CT,T_GA,T_GC,T_GG,T_GT,T_TA,T_TC,T_TG,T_TT,A_AAA,A_AAC,A_AAG,A_AAT,A_ACA,A_ACC,A_ACG,A_ACT,A_AGA,A_AGC,A_AGG,A_AGT,A_ATA,A_ATC,A_ATG,A_ATT,A_CAA,A_CAC,A_CAG,A_CAT,A_CCA,A_CCC,A_CCG,A_CCT,A_CGA,A_CGC,A_CGG,A_CGT,A_CTA,A_CTC,A_CTG,A_CTT,A_GAA,A_GAC,A_GAG,A_GAT,A_GCA,A_GCC,A_GCG,A_GCT,A_GGA,A_GGC,A_GGG,A_GGT,A_GTA,A_GTC,A_GTG,A_GTT,A_TAA,A_TAC,A_TAG,A_TAT,A_TCA,A_TCC,A_TCG,A_TCT,A_TGA,A_TGC,A_TGG,A_TGT,A_TTA,A_TTC,A_TTG,A_TTT,C_AAA,C_AAC,C_AAG,C_AAT,C_ACA,C_ACC,C_ACG,C_ACT,C_AGA,C_AGC,C_AGG,C_AGT,C_ATA,C_ATC,C_ATG,C_ATT,C_CAA,C_CAC,C_CAG,C_CAT,C_CCA,C_CCC,C_CCG,C_CCT,C_CGA,C_CGC,C_CGG,C_CGT,C_CTA,C_CTC,C_CTG,C_CTT,C_GAA,C_GAC,C_GAG,C_GAT,C_GCA,C_GCC,C_GCG,C_GCT,C_GGA,C_GGC,C_GGG,C_GGT,C_GTA,C_GTC,C_GTG,C_GTT,C_TAA,C_TAC,C_TAG,C_TAT,C_TCA,C_TCC,C_TCG,C_TCT,C_TGA,C_TGC,C_TGG,C_TGT,C_TTA,C_TTC,C_TTG,C_TTT,G_AAA,G_AAC,G_AAG,G_AAT,G_ACA,G_ACC,G_ACG,G_ACT,G_AGA,G_AGC,G_AGG,G_AGT,G_ATA,G_ATC,G_ATG,G_ATT,G_CAA,G_CAC,G_CAG,G_CAT,G_CCA,G_CCC,G_CCG,G_CCT,G_CGA,G_CGC,G_CGG,G_CGT,G_CTA,G_CTC,G_CTG,G_CTT,G_GAA,G_GAC,G_GAG,G_GAT,G_GCA,G_GCC,G_GCG,G_GCT,G_GGA,G_GGC,G_GGG,G_GGT,G_GTA,G_GTC,G_GTG,G_GTT,G_TAA,G_TAC,G_TAG,G_TAT,G_TCA,G_TCC,G_TCG,G_TCT,G_TGA,G_TGC,G_TGG,G_TGT,G_TTA,G_TTC,G_TTG,G_TTT,T_AAA,T_AAC,T_AAG,T_AAT,T_ACA,T_ACC,T_ACG,T_ACT,T_AGA,T_AGC,T_AGG,T_AGT,T_ATA,T_ATC,T_ATG,T_ATT,T_CAA,T_CAC,T_CAG,T_CAT,T_CCA,T_CCC,T_CCG,T_CCT,T_CGA,T_CGC,T_CGG,T_CGT,T_CTA,T_CTC,T_CTG,T_CTT,T_GAA,T_GAC,T_GAG,T_GAT,T_GCA,T_GCC,T_GCG,T_GCT,T_GGA,T_GGC,T_GGG,T_GGT,T_GTA,T_GTC,T_GTG,T_GTT,T_TAA,T_TAC,T_TAG,T_TAT,T_TCA,T_TCC,T_TCG,T_TCT,T_TGA,T_TGC,T_TGG,T_TGT,T_TTA,T_TTC,T_TTG,T_TTT,maximum_ORF_length,minimum_ORF_length,std_ORF_length,average_ORF_length,cv_ORF_length,maximum_GC_content_ORF,minimum_GC_content_ORF,std_GC_content_ORF,average_GC_content_ORF,cv_GC_content_ORF,average,median,maximum,minimum,peak,none_levated_peak,sample_standard_deviation,population_standard_deviation,percentile15,percentile25,percentile50,percentile75,amplitude,variance,interquartile_range,semi_interquartile_range,coefficient_of_variation,skewness,kurtosis,faverage,fmedian,fmaximum,fminimum,fpeak,fnone_levated_peak,fsample_standard_deviation,fpopulation_standard_deviation,fpercentile15,fpercentile25,fpercentile50,fpercentile75,famplitude,fvariance,finterquartile_range,fsemi_interquartile_range,fcoefficient_of_variation,fskewness,fkurtosis,k-tsallis12.3,k-tsallis22.3,k-tsallis32.3,k-tsallis42.3,k-tsallis52.3
0.7333333333333333,0.0,0.2666666666666666,0.0,0.5714285714285714,0.0,0.1428571428571428,0.0,0.0,0.0,0.0,0.0,0.2142857142857142,0.0,0.0714285714285714,0.0,0.0,0.0,0.0,0.0,5,0,1,0,0,0,0,0,2,0,0,0,0,0,0,0,0,0,0,0,0,0,0,0,0,0,0,0,0,0,0,0,2,0,1,0,0,0,0,0,0,0,0,0,0,0,0,0,0,0,0,0,0,0,0,0,0,0,0,0,0,0,0,0,3,0,2,0,0,0,0,0,1,0,0,0,0,0,0,0,0,0,0,0,0,0,0,0,0,0,0,0,0,0,0,0,1,0,0,0,0,0,0,0,0,0,0,0,0,0,0,0,0,0,0,0,0,0,0,0,0,0,0,0,0,0,0,0,0,0,0,0,0,0,0,0,0,0,0,0,0,0,0,0,0,0,0,0,0,0,0,0,0,0,0,0,0,0,0,0,0,0,0,0,0,0,0,0,0,0,0,0,0,0,0,0,0,0,0,0,0,0,0,0,0,0,0,0,0,0,0,0,2,0,0,0,0,0,0,0,1,0,0,0,0,0,0,0,0,0,0,0,0,0,0,0,0,0,0,0,0,0,0,0,0,0,0,0,0,0,0,0,0,0,0,0,0,0,0,0,0,0,0,0,0,0,0,0,0,0,0,0,0,0,0,0,0,0,0,0,0,0,0,0,0,0,0,0,0,0,0,0,0,0,0,0,0,0,0,0,0,0,0,0,0,0,0,0,0,0,0,0,0,0,0,0,0,0,0,0,0,0,0,0,0,0,0,0,0,0,0,0,0,0,0,0,0,0,0,0,0,0,0.0,0.0,0.0,0.0,0.0,0.0,0.0,0.0,14.999999999999996,5.182045875570824,137.0,1.1097501919298065,0.3333333333333334,1.2396386096256786,32.95451410656816,34.111162814706695,2.0,2.0,5.182045875570824,13.148658380435007,135.8902498080702,1163.571428571429,11.148658380435007,5.5743291902175045,2.1969676071045448,0.8937732256661332,0.4447313333119376,30.0,20.7281835022833,98.0,4.439000767719226,0.1666666666666666,1.0101236115538237,26.381811916545832,27.307769694983985,8.000000000000002,8.000000000000002,20.7281835022833,52.59463352174004,93.56099923228078,745.7142857142854,44.59463352174004,22.297316760870014,0.8793937305515278,1.0543418921012444,0.4447313333119378,0.3555154676825301,0.5240873181399047,0.6345376095556297,0.6726541876909928,0.6966576971452233
0.5,0.0,0.5,0.0,0.0,0.0,0.0,0.0,0.0,0.0,0.0,0.0,1.0,0.0,0.0,0.0,0.0,0.0,0.0,0.0,0,0,0,0,0,0,0,0,0,0,0,0,0,0,0,0,0,0,0,0,0,0,0,0,0,0,0,0,0,0,0,0,0,0,0,0,0,0,0,0,0,0,0,0,0,0,0,0,0,0,0,0,0,0,0,0,0,0,0,0,0,0,0,0,0,0,0,0,0,0,0,0,0,0,0,0,0,0,0,0,0,0,0,0,0,0,0,0,0,0,0,0,0,0,0,0,0,0,0,0,0,0,0,0,0,0,0,0,0,0,0,0,0,0,0,0,0,0,0,0,0,0,0,0,0,0,0,0,0,0,0,0,0,0,0,0,0,0,0,0,0,0,0,0,0,0,0,0,0,0,0,0,0,0,0,0,0,0,0,0,0,0,0,0,0,0,0,0,0,0,0,0,0,0,0,0,0,0,0,0,0,0,0,0,0,0,0,0,0,0,0,0,0,0,0,0,0,0,0,0,0,0,0,0,0,0,0,0,0,0,0,0,0,0,0,0,0,0,0,0,0,0,0,0,0,0,0,0,0,0,0,0,0,0,0,0,0,0,0,0,0,0,0,0,0,0,0,0,0,0,0,0,0,0,0,0,0,0,0,0,0,0,0,0,0,0,0,0,0,0,0,0,0,0,0,0,0,0,0,0,0,0,0,0,0,0,0,0,0,0,0,0,0,0,0,0,0,0,0,0,0,0,0,0,0,0,0,0,0,0,0,0,0,0,0,0,0,0,0,0,0,0,0.0,0.0,0.0,0.0,0.0,0.0,0.0,0.0,2.0,2.0,2.0,2.0,0.3333333333333333,0.3333333333333333,0.0,0.0,2.0,2.0,2.0,2.0,0.0,0.0,0.0,0.0,0.0,,,4.000000000000001,4.000000000000001,8.000000000000002,0.0,0.1666666666666666,0.4714045207910316,4.000000000000001,5.6568542494923815,1.2000000000000002,2.0000000000000004,4.000000000000001,6.000000000000002,8.000000000000002,32.000000000000014,4.000000000000002,2.000000000000001,1.0,0.0,0.3125,0.4568260014014479,,,,
0.25,0.0,0.75,0.0,0.0,0.0,0.3333333333333333,0.0,0.0,0.0,0.0,0.0,0.3333333333333333,0.0,0.3333333333333333,0.0,0.0,0.0,0.0,0.0,0,0,0,0,0,0,0,0,0,0,0,0,0,0,0,0,0,0,0,0,0,0,0,0,0,0,0,0,0,0,0,0,0,0,0,0,0,0,0,0,0,0,0,0,0,0,0,0,0,0,0,0,0,0,0,0,0,0,0,0,0,0,0,0,0,0,0,0,0,0,0,0,0,0,0,0,0,0,0,0,0,0,0,0,0,0,0,0,0,0,0,0,0,0,0,0,0,0,0,0,0,0,0,0,0,0,0,0,0,0,0,0,0,0,0,0,0,0,0,0,0,0,0,0,0,0,0,0,0,0,0,0,0,0,0,0,0,0,0,0,0,0,0,0,0,0,0,0,0,0,0,0,0,0,0,0,0,0,0,0,0,0,0,0,0,0,0,0,0,0,0,0,0,0,0,0,0,0,0,0,0,0,0,0,0,0,0,0,0,0,0,0,0,0,0,0,0,0,0,0,0,0,0,0,0,0,0,0,0,0,0,0,0,0,0,0,0,0,0,0,0,0,0,0,0,0,0,0,0,0,0,0,0,0,0,0,0,0,0,0,0,0,0,0,0,0,0,0,0,0,0,0,0,0,0,0,0,0,0,0,0,0,0,0,0,0,0,0,0,0,0,0,0,0,0,0,0,0,0,0,0,0,0,0,0,0,0,0,0,0,0,0,0,0,0,0,0,0,0,0,0,0,0,0,0,0,0,0,0,0,0,0,0,0,0,0,0,0,0,0,0,0,0.0,0.0,0.0,0.0,0.0,0.0,0.0,0.0,4.0,2.0,10.0,2.0,0.3333333333333333,0.5333333333333333,3.4641016151377544,4.0,2.0,2.0,2.0,4.0,8.0,16.0,2.0,1.0,0.8660254037844386,1.7320508075688774,0.1785714285714285,8.000000000000002,8.000000000000002,8.000000000000002,8.000000000000002,0.1666666666666666,0.4714045207910316,0.0,0.0,8.000000000000002,8.000000000000002,8.000000000000002,8.000000000000002,0.0,0.0,0.0,0.0,0.0,,,0.3405967910015354,0.5848145914551631,0.4568260014014479,,
0.25,0.0,0.75,0.0,0.0,0.0,0.3333333333333333,0.0,0.0,0.0,0.0,0.0,0.3333333333333333,0.0,0.3333333333333333,0.0,0.0,0.0,0.0,0.0,0,0,0,0,0,0,0,0,0,0,0,0,0,0,0,0,0,0,0,0,0,0,0,0,0,0,0,0,0,0,0,0,0,0,0,0,0,0,0,0,0,0,0,0,0,0,0,0,0,0,0,0,0,0,0,0,0,0,0,0,0,0,0,0,0,0,0,0,0,0,0,0,0,0,0,0,0,0,0,0,0,0,0,0,0,0,0,0,0,0,0,0,0,0,0,0,0,0,0,0,0,0,0,0,0,0,0,0,0,0,0,0,0,0,0,0,0,0,0,0,0,0,0,0,0,0,0,0,0,0,0,0,0,0,0,0,0,0,0,0,0,0,0,0,0,0,0,0,0,0,0,0,0,0,0,0,0,0,0,0,0,0,0,0,0,0,0,0,0,0,0,0,0,0,0,0,0,0,0,0,0,0,0,0,0,0,0,0,0,0,0,0,0,0,0,0,0,0,0,0,0,0,0,0,0,0,0,0,0,0,0,0,0,0,0,0,0,0,0,0,0,0,0,0,0,0,0,0,0,0,0,0,0,0,0,0,0,0,0,0,0,0,0,0,0,0,0,0,0,0,0,0,0,0,0,0,0,0,0,0,0,0,0,0,0,0,0,0,0,0,0,0,0,0,0,0,0,0,0,0,0,0,0,0,0,0,0,0,0,0,0,0,0,0,0,0,0,0,0,0,0,0,0,0,0,0,0,0,0,0,0,0,0,0,0,0,0,0,0,0,0,0,0.0,0.0,0.0,0.0,0.0,0.0,0.0,0.0,4.0,2.0,10.0,2.0,0.3333333333333333,0.5333333333333333,3.4641016151377544,4.0,2.0,2.0,2.0,4.0,8.0,16.0,2.0,1.0,0.8660254037844386,1.7320508075688774,0.1785714285714285,8.000000000000002,8.000000000000002,8.000000000000002,8.000000000000002,0.1666666666666666,0.4714045207910316,0.0,0.0,8.000000000000002,8.000000000000002,8.000000000000002,8.000000000000002,0.0,0.0,0.0,0.0,0.0,,,0.3405967910015354,0.5848145914551631,0.4568260014014479,,
0.2,0.0,0.6,0.2,0.0,0.0,0.25,0.0,0.0,0.0,0.0,0.0,0.0,0.0,0.25,0.25,0.25,0.0,0.0,0.0,0,0,0,0,0,0,0,0,0,0,0,0,0,0,0,0,0,0,0,0,0,0,0,0,0,0,0,0,0,0,0,0,0,0,0,0,0,0,0,0,0,0,0,0,1,0,0,0,0,0,0,0,0,0,0,0,0,0,0,0,0,0,0,0,0,0,0,0,0,0,0,0,0,0,0,0,0,0,0,0,0,0,0,0,0,0,0,0,0,0,0,0,0,0,0,0,0,0,0,0,0,0,0,0,0,0,0,0,0,0,0,0,0,0,0,0,0,0,0,0,0,0,0,0,0,0,0,0,0,0,0,0,0,0,0,0,0,0,0,0,0,0,0,0,0,0,0,0,0,0,0,0,0,0,0,0,0,0,0,0,0,0,0,0,0,0,0,0,0,0,0,0,0,0,0,0,0,0,0,0,0,0,0,0,0,0,0,0,0,0,0,0,0,0,0,0,0,0,0,0,0,0,0,0,0,0,0,0,0,0,0,0,0,0,0,0,0,0,0,0,0,0,0,0,0,0,0,0,0,0,0,0,0,0,0,0,0,0,0,0,0,0,0,0,0,0,0,0,0,0,0,0,0,0,0,0,0,0,0,0,0,0,0,0,0,0,0,0,0,0,0,0,0,0,0,0,0,0,0,0,0,0,0,0,0,0,0,0,0,0,0,0,0,0,0,0,0,0,0,0,0,0,0,0,0,0,0,0,0,0,0,0,0,0,0,0,0,0,0,0,0,0,0.0,0.0,0.0,0.0,0.0,0.0,0.0,0.0,5.0,4.618033988749895,11.0,2.381966011250105,0.3333333333333333,0.4769498906599788,3.1622776601683795,3.5355339059327378,2.381966011250105,2.381966011250105,4.618033988749895,4.618033988749895,8.618033988749895,12.5,2.23606797749979,1.118033988749895,0.6324555320336759,0.3623647752959493,0.1843344353581194,10.000000000000002,10.000000000000002,22.08058808536081,0.8255820266606354,0.1666666666666666,0.5712373536319989,6.928203230275511,7.745966692414836,4.448443105447264,6.863683824638351,10.000000000000002,10.230146063340207,21.25500605870017,60.00000000000003,3.366462238701856,1.683231119350928,0.6928203230275509,0.0,0.119381577390419,0.4936823837096347,0.6423550085795294,0.5848145914551631,0.4568260014014479,
0.25,0.0,0.75,0.0,0.0,0.0,0.3333333333333333,0.0,0.0,0.0,0.0,0.0,0.3333333333333333,0.0,0.3333333333333333,0.0,0.0,0.0,0.0,0.0,0,0,0,0,0,0,0,0,0,0,0,0,0,0,0,0,0,0,0,0,0,0,0,0,0,0,0,0,0,0,0,0,0,0,0,0,0,0,0,0,0,0,0,0,0,0,0,0,0,0,0,0,0,0,0,0,0,0,0,0,0,0,0,0,0,0,0,0,0,0,0,0,0,0,0,0,0,0,0,0,0,0,0,0,0,0,0,0,0,0,0,0,0,0,0,0,0,0,0,0,0,0,0,0,0,0,0,0,0,0,0,0,0,0,0,0,0,0,0,0,0,0,0,0,0,0,0,0,0,0,0,0,0,0,0,0,0,0,0,0,0,0,0,0,0,0,0,0,0,0,0,0,0,0,0,0,0,0,0,0,0,0,0,0,0,0,0,0,0,0,0,0,0,0,0,0,0,0,0,0,0,0,0,0,0,0,0,0,0,0,0,0,0,0,0,0,0,0,0,0,0,0,0,0,0,0,0,0,0,0,0,0,0,0,0,0,0,0,0,0,0,0,0,0,0,0,0,0,0,0,0,0,0,0,0,0,0,0,0,0,0,0,0,0,0,0,0,0,0,0,0,0,0,0,0,0,0,0,0,0,0,0,0,0,0,0,0,0,0,0,0,0,0,0,0,0,0,0,0,0,0,0,0,0,0,0,0,0,0,0,0,0,0,0,0,0,0,0,0,0,0,0,0,0,0,0,0,0,0,0,0,0,0,0,0,0,0,0,0,0,0,0,0.0,0.0,0.0,0.0,0.0,0.0,0.0,0.0,4.0,2.0,10.0,2.0,0.3333333333333333,0.5333333333333333,3.4641016151377544,4.0,2.0,2.0,2.0,4.0,8.0,16.0,2.0,1.0,0.8660254037844386,1.7320508075688774,0.1785714285714285,8.000000000000002,8.000000000000002,8.000000000000002,8.000000000000002,0.1666666666666666,0.4714045207910316,0.0,0.0,8.000000000000002,8.000000000000002,8.000000000000002,8.000000000000002,0.0,0.0,0.0,0.0,0.0,,,0.3405967910015354,0.5848145914551631,0.4568260014014479,,
0.4,0.0,0.6,0.0,0.0,0.0,0.5,0.0,0.0,0.0,0.0,0.0,0.5,0.0,0.0,0.0,0.0,0.0,0.0,0.0,0,0,0,0,0,0,0,0,0,0,0,0,0,0,0,0,0,0,0,0,0,0,0,0,0,0,0,0,0,0,0,0,0,0,0,0,0,0,0,0,1,0,0,0,0,0,0,0,0,0,0,0,0,0,0,0,0,0,0,0,0,0,0,0,0,0,0,0,0,0,0,0,0,0,0,0,0,0,0,0,0,0,0,0,0,0,0,0,0,0,0,0,0,0,0,0,0,0,0,0,0,0,0,0,0,0,0,0,0,0,0,0,0,0,0,0,0,0,0,0,0,0,0,0,0,0,0,0,0,0,0,0,0,0,0,0,0,0,0,0,0,0,0,0,0,0,0,0,0,0,0,0,0,0,0,0,0,0,0,0,0,0,0,0,0,0,0,0,0,0,0,0,0,0,0,0,0,0,0,0,0,0,0,0,0,0,0,0,0,0,0,0,0,0,0,0,0,0,0,0,0,0,0,0,0,0,0,0,0,0,0,0,0,0,0,0,0,0,0,0,0,0,0,0,0,0,0,0,0,0,0,0,0,0,0,0,0,0,0,0,0,0,0,0,0,0,0,0,0,0,0,0,0,0,0,0,0,0,0,0,0,0,0,0,0,0,0,0,0,0,0,0,0,0,0,0,0,0,0,0,0,0,0,0,0,0,0,0,0,0,0,0,0,0,0,0,0,0,0,0,0,0,0,0,0,0,0,0,0,0,0,0,0,0,0,0,0,0,0,0,0,0,0.0,0.0,0.0,0.0,0.0,0.0,0.0,0.0,5.0,5.236067977499789,13.0,0.7639320225002102,0.3333333333333333,0.5976169560604786,4.47213595499958,5.0,0.7639320225002102,0.7639320225002102,5.236067977499789,5.236067977499789,12.23606797749979,25.0,4.472135954999579,2.2360679774997894,0.894427190999916,-0.1583592135001256,0.24490106354957,9.999999999999998,3.055728090000841,20.94427190999916,2.0000000000000004,0.1666666666666667,0.5925578627795582,8.944271909999157,9.999999999999998,2.6334368540005046,3.055728090000841,3.055728090000841,20.94427190999916,18.94427190999916,99.99999999999996,17.888543819998315,8.944271909999157,0.8944271909999159,2.329179606750063,0.4829004018212338,0.4381573545930354,0.4568260014014479,0.4050347806404199,0.4568260014014479,
0.3333333333333333,0.0,0.6666666666666666,0.0,0.0,0.0,0.5,0.0,0.0,0.0,0.0,0.0,0.5,0.0,0.0,0.0,0.0,0.0,0.0,0.0,0,0,0,0,0,0,0,0,0,0,0,0,0,0,0,0,0,0,0,0,0,0,0,0,0,0,0,0,0,0,0,0,0,0,0,0,0,0,0,0,0,0,0,0,0,0,0,0,0,0,0,0,0,0,0,0,0,0,0,0,0,0,0,0,0,0,0,0,0,0,0,0,0,0,0,0,0,0,0,0,0,0,0,0,0,0,0,0,0,0,0,0,0,0,0,0,0,0,0,0,0,0,0,0,0,0,0,0,0,0,0,0,0,0,0,0,0,0,0,0,0,0,0,0,0,0,0,0,0,0,0,0,0,0,0,0,0,0,0,0,0,0,0,0,0,0,0,0,0,0,0,0,0,0,0,0,0,0,0,0,0,0,0,0,0,0,0,0,0,0,0,0,0,0,0,0,0,0,0,0,0,0,0,0,0,0,0,0,0,0,0,0,0,0,0,0,0,0,0,0,0,0,0,0,0,0,0,0,0,0,0,0,0,0,0,0,0,0,0,0,0,0,0,0,0,0,0,0,0,0,0,0,0,0,0,0,0,0,0,0,0,0,0,0,0,0,0,0,0,0,0,0,0,0,0,0,0,0,0,0,0,0,0,0,0,0,0,0,0,0,0,0,0,0,0,0,0,0,0,0,0,0,0,0,0,0,0,0,0,0,0,0,0,0,0,0,0,0,0,0,0,0,0,0,0,0,0,0,0,0,0,0,0,0,0,0,0,0,0,0,0,0,0.0,0.0,0.0,0.0,0.0,0.0,0.0,0.0,3.0,2.0,5.0,2.0,0.3333333333333333,0.4285714285714285,1.4142135623730951,1.7320508075688772,2.0,2.0,2.0,3.5,3.0,3.0,1.5,0.75,0.4714045207910317,2.1213203435596424,0.3124999999999999,5.999999999999999,7.999999999999998,7.999999999999998,2.0000000000000004,0.1666666666666666,0.4242640687119285,2.828427124746189,3.464101615137753,3.8,4.999999999999999,7.999999999999998,7.999999999999998,5.999999999999998,11.999999999999991,2.999999999999999,1.4999999999999996,0.4714045207910315,-2.1213203435596424,0.3125,0.4050347806404199,0.4568260014014479,,,
0.2727272727272727,0.2121212121212121,0.2424242424242424,0.2727272727272727,0.09375,0.09375,0.0625,0.03125,0.0625,0.0,0.0,0.15625,0.0625,0.09375,0.09375,0.0,0.03125,0.03125,0.09375,0.09375,0,1,0,0,1,0,0,3,0,1,0,0,0,0,1,1,0,0,0,0,0,0,0,1,0,1,1,0,1,0,2,0,1,0,2,1,0,0,0,0,1,0,0,0,0,1,0,1,1,1,0,0,1,0,0,0,1,1,2,0,0,0,0,1,0,0,0,0,0,0,0,1,0,0,0,0,0,0,0,0,0,1,0,0,0,0,0,0,0,0,0,0,0,0,1,2,0,0,0,0,0,0,0,0,0,0,0,0,0,0,0,0,0,0,0,0,0,0,0,0,0,0,1,0,0,0,1,0,0,0,0,0,0,0,0,0,0,0,0,0,0,0,0,0,0,0,0,0,0,0,0,0,0,0,0,0,0,0,0,1,0,0,0,0,0,0,0,1,0,0,1,0,0,0,0,0,1,0,0,0,0,0,0,0,0,1,1,0,0,0,0,0,0,0,1,0,0,0,0,0,0,2,0,0,0,1,0,0,0,0,0,0,0,0,0,0,0,0,0,0,0,0,0,0,1,0,0,0,0,0,0,0,0,0,0,0,0,0,0,0,0,0,0,0,0,0,0,1,0,0,0,0,0,0,1,0,0,1,0,0,0,0,0,1,0,0,0,0,0,0,0,0,0,0,1,0,0,0,0,0,0,0,0,0,0,0,0,0,0,0,0,1,1,0,0,0,2,0,0,0,0,0,0,0,0,0,0,0,0,0,0,0,0,0,0,0,1,0,0,0,0,0,0.0,0.0,0.0,0.0,0.0,0.0,0.0,0.0,33.0,20.0,275.0,5.80154446325561,0.3333333333333333,1.1399229383089635,46.281745861624536,46.9993351016799,12.704473778079418,14.456855749231751,20.0,35.117495407161485,269.1984555367444,2208.9375,20.66063965792973,10.330319828964866,1.4024771473219555,0.8426648406178138,0.3607205053730355,66.0,53.08659632254267,249.55448789363132,0.189031292605193,0.1666666666666666,1.5132608200524658,60.13318551349162,61.06553856308809,12.560444831514085,29.856406460551007,53.08659632254267,81.43004871639816,249.36545660102612,3728.999999999999,51.57364225584716,25.786821127923577,0.9111088714165396,0.644240126338894,0.2121902675453539,0.640449129268871,0.7338087237737652,0.7518066165082018,0.7581859989123367,0.7595716116686398
0.0,0.0,1.0,0.0,0.0,0.0,0.0,0.0,0.0,0.0,0.0,0.0,0.0,0.0,1.0,0.0,0.0,0.0,0.0,0.0,0,0,0,0,0,0,0,0,0,0,0,0,0,0,0,0,0,0,0,0,0,0,0,0,0,0,0,0,0,0,0,0,0,0,0,0,0,0,0,0,0,0,1,0,0,0,0,0,0,0,0,0,0,0,0,0,0,0,0,0,0,0,0,0,0,0,0,0,0,0,0,0,0,0,0,0,0,0,0,0,0,0,0,0,0,0,0,0,0,0,0,0,0,0,0,0,0,0,0,0,0,0,0,0,0,0,0,0,0,0,0,0,0,0,0,0,0,0,0,0,0,0,0,0,0,0,0,0,0,0,0,0,0,0,0,0,0,0,0,0,0,0,0,0,0,0,0,0,0,0,0,0,0,0,0,0,0,0,0,0,0,0,0,0,0,0,0,0,0,0,0,0,0,0,0,0,0,0,0,0,0,0,0,0,0,0,0,0,0,0,0,0,0,0,0,0,0,0,0,0,0,0,0,0,0,0,0,0,0,0,0,0,0,0,0,0,0,0,0,0,0,0,0,0,0,0,0,0,0,0,0,0,0,0,0,0,0,0,0,0,0,0,0,0,0,0,0,0,0,0,0,0,0,0,0,0,0,0,0,0,0,0,0,0,0,0,0,0,0,0,0,0,0,0,0,0,0,0,0,0,0,0,0,0,0,0,0,0,0,0,0,0,0,0,0,0,0,0,0,0,0,0,0,0,0,0,0,0,0,0,0,0,0,0,0,0,0,0,0,0,0,0,0.0,0.0,0.0,0.0,0.0,0.0,0.0,0.0,5.0,0.0,25.0,0.0,0.3333333333333333,1.6666666666666667,10.0,11.180339887498947,0.0,0.0,0.0,0.0,25.0,125.0,0.0,0.0,2.0,1.5,0.0,10.000000000000002,0.0,50.00000000000001,0.0,0.1666666666666666,1.1785113019775793,20.000000000000004,22.3606797749979,0.0,0.0,0.0,0.0,50.00000000000001,500.00000000000017,0.0,0.0,2.0,1.5,0.0,,,,,
0.1780821917808219,0.2328767123287671,0.2876712328767123,0.3013698630136986,0.0138888888888888,0.0138888888888888,0.0833333333333333,0.0694444444444444,0.0555555555555555,0.0972222222222222,0.0277777777777777,0.0416666666666666,0.0555555555555555,0.0555555555555555,0.0694444444444444,0.1111111111111111,0.0555555555555555,0.0694444444444444,0.0972222222222222,0.0833333333333333,0,0,2,0,0,3,0,1,0,0,0,0,1,2,1,2,1,1,1,2,2,0,0,1,0,0,1,2,0,0,2,1,0,0,1,2,1,1,1,1,1,1,2,1,2,2,2,3,0,0,2,1,1,2,1,0,3,3,2,4,1,1,1,0,0,0,0,0,0,0,0,0,0,2,0,0,0,0,0,0,0,0,0,0,1,2,0,0,0,0,0,0,0,1,0,0,0,0,0,0,0,0,0,0,0,0,0,0,0,0,0,0,0,0,1,0,0,2,0,0,0,0,0,1,0,0,2,0,0,0,0,1,0,0,0,0,0,0,0,1,1,0,0,1,0,0,1,1,0,0,0,0,0,0,0,0,0,0,1,0,0,0,0,0,0,0,0,0,1,0,0,0,0,0,0,2,0,0,0,0,0,0,0,0,0,0,2,0,1,0,0,0,0,0,0,0,0,0,0,0,1,0,0,0,0,1,0,1,0,1,0,0,0,0,0,1,0,0,0,1,1,0,0,0,0,0,0,1,0,1,0,0,0,1,1,0,0,0,0,1,0,0,1,1,1,0,1,0,0,0,1,1,0,2,1,0,0,0,0,0,0,0,0,0,0,1,0,1,0,0,0,1,0,0,1,0,2,0,0,0,1,0,0,0,0,0,0,0,1,0,1,1,0,1,0,2,0,0,0,2,1,1,2,0,0,0,1,0,0,0,1,0,1,0,0,0,0,0,0,0,0,0,0.0,0.0,0.0,0.0,0.0,0.0,0.0,0.0,73.0,46.68830760611741,1383.0,5.33176056708281,0.3333333333333333,1.743563263698256,157.9303644015298,159.02332114085235,27.569748965629888,33.29540755284045,46.68830760611741,70.13430240499909,1377.6682394329173,25288.416666666668,36.83889485215864,18.41944742607932,2.1634296493360248,0.499809377891128,0.236958863294408,146.00000000000003,99.92782374308425,738.2681350616965,2.369649521860965,0.1666666666666666,2.268619571291676,154.71263684650975,155.78332530936822,34.281836033068444,45.24686184898616,99.92782374308425,172.99335441127624,735.8984855398355,24268.444444444445,127.74649256229009,63.87324628114504,1.0596755948391077,0.8933758197649483,0.2139727499879726,0.6351946532027563,0.7422325261109354,0.7611592852827065,0.7651319164414154,0.7658353715898868
0.1643835616438356,0.2876712328767123,0.3424657534246575,0.2054794520547945,0.0,0.0138888888888888,0.0972222222222222,0.0416666666666666,0.0694444444444444,0.0555555555555555,0.0694444444444444,0.0972222222222222,0.0555555555555555,0.1527777777777778,0.1111111111111111,0.0277777777777777,0.0416666666666666,0.0694444444444444,0.0555555555555555,0.0416666666666666,0,0,3,0,0,1,1,3,1,1,0,1,0,0,0,0,0,0,0,2,3,2,2,0,0,4,2,1,1,0,1,1,0,1,3,1,0,0,0,3,2,3,3,0,1,5,1,2,0,0,1,0,1,1,2,1,1,3,1,0,1,0,2,0,0,0,0,0,0,0,0,0,0,3,0,0,0,0,0,0,0,0,0,0,0,1,0,0,0,1,0,0,0,2,1,0,0,0,1,0,1,0,0,0,0,0,0,0,0,1,0,0,0,0,0,0,0,0,0,0,0,0,0,0,0,0,0,0,0,0,0,0,0,0,0,0,0,0,0,0,1,1,0,0,0,0,2,1,0,0,0,1,0,2,0,0,0,0,0,0,0,0,0,0,1,0,1,2,1,0,1,0,0,0,0,1,0,0,1,0,0,0,0,0,0,1,0,0,0,0,1,0,0,0,0,0,0,0,1,0,1,0,2,0,1,0,0,0,0,0,0,0,0,0,0,0,0,0,0,0,1,0,2,0,0,0,2,0,0,1,1,1,0,1,0,2,0,0,0,0,0,0,0,1,1,2,1,1,0,0,1,0,0,1,0,1,0,0,0,0,0,0,0,0,0,1,0,0,0,0,0,0,0,1,0,0,0,0,1,0,1,0,1,0,0,0,0,1,0,0,0,1,1,0,0,2,1,0,0,0,0,0,0,0,0,0,1,0,0,0,0,0,0,2,0,0,0,0,0,0,0,0,0.0,0.0,0.0,0.0,0.0,0.0,0.0,0.0,73.00000000000003,50.26085427302182,1435.0,7.877003678600133,0.3333333333333332,1.772467746454966,163.8596960817394,164.99368674790762,17.540158125861687,31.502360072742267,50.26085427302182,75.307293064312,1427.1229963213998,27222.916666666668,43.80493299156974,21.90246649578487,2.2446533709827308,0.416316146143132,0.2635840526684784,145.99999999999997,85.43799529817217,846.8424506549275,0.8518695857451543,0.1666666666666666,2.35636777195671,163.75591592366976,164.88918837948245,19.968786881256328,24.916160326108358,85.43799529817217,209.4989303154331,845.9905810691823,27188.444444444445,184.5827699893248,92.29138499466238,1.121615862490889,1.1094928270571385,0.2971219761829965,0.6277151966658882,0.7370926264914337,0.7603031971729667,0.764971100989513,0.7657027033717331
0.2027027027027027,0.2297297297297297,0.3378378378378378,0.2297297297297297,0.0273972602739726,0.0273972602739726,0.1232876712328767,0.0136986301369863,0.0684931506849315,0.0684931506849315,0.0273972602739726,0.0684931506849315,0.0410958904109589,0.0684931506849315,0.1232876712328767,0.1095890410958904,0.0547945205479452,0.0684931506849315,0.0684931506849315,0.0410958904109589,1,0,1,0,0,1,1,1,0,2,2,3,0,2,0,0,0,1,1,0,3,2,0,2,1,0,2,1,0,0,2,0,0,1,1,0,0,2,1,2,1,2,3,1,2,3,3,3,1,0,5,1,2,0,0,0,1,1,1,3,1,0,0,0,0,0,1,0,0,0,0,0,0,1,0,0,0,0,0,0,0,0,0,0,0,1,0,0,0,1,0,0,0,1,0,0,0,0,0,0,0,1,0,1,0,0,1,1,0,2,1,0,0,0,0,0,1,1,0,0,0,0,0,0,0,0,0,0,0,0,0,0,0,0,0,1,0,0,0,1,0,0,0,0,0,1,2,0,0,1,0,1,0,0,0,0,0,1,1,0,0,0,0,1,0,0,0,0,0,1,0,1,0,0,1,0,0,0,0,0,0,0,0,0,1,0,0,1,0,0,0,0,0,0,0,0,0,1,0,0,0,1,0,0,0,0,0,0,0,0,0,0,1,0,0,1,0,0,1,0,0,0,0,1,0,0,1,0,1,0,1,0,0,0,0,3,0,0,1,0,1,0,1,0,2,0,1,0,1,0,2,0,1,1,1,0,0,0,1,0,0,0,0,0,1,0,4,0,1,0,0,0,1,1,0,0,0,0,0,0,0,0,0,0,0,0,0,0,0,0,1,0,0,0,0,1,0,0,0,1,1,0,0,2,0,0,1,0,0,0,0,0,0,0,0,0,0,0,0,0,0,0,0.0,0.0,0.0,0.0,0.0,0.0,0.0,0.0,73.99999999999999,48.270082012869736,1428.0,10.422882973283093,0.3333333333333334,1.7454804937227697,161.31955864060623,162.42072882081564,33.54952224536484,39.10717345228542,48.270082012869736,73.15297300672273,1417.577117026717,26380.49315068493,34.04579955443731,17.022899777218655,2.1799940356838685,0.4784897418009739,0.2010677607271989,148.00000000000006,122.87251027267948,404.6750145726047,1.1580925689814587,0.1666666666666666,2.2471086750899376,117.50744657254704,118.30955449553306,24.17419864712983,42.415563142096815,122.87251027267948,237.6170742471448,403.5169220036232,13997.150684931508,195.201511105048,97.600755552524,0.7939692335982906,0.6415122733130098,0.3089215455457843,0.6340244115245555,0.7397126751083057,0.7599332061327035,0.7648168914069279,0.7655169650582095
0.2328767123287671,0.2191780821917808,0.2876712328767123,0.2602739726027397,0.0277777777777777,0.0138888888888888,0.0972222222222222,0.0833333333333333,0.0555555555555555,0.0277777777777777,0.0972222222222222,0.0416666666666666,0.0555555555555555,0.0972222222222222,0.0555555555555555,0.0833333333333333,0.0972222222222222,0.0833333333333333,0.0277777777777777,0.0555555555555555,0,0,2,1,1,0,2,1,0,1,1,2,1,2,1,1,1,1,0,2,2,1,0,0,1,2,0,1,3,0,0,1,1,0,4,1,0,0,2,1,1,2,0,0,2,3,1,1,0,0,1,2,0,0,3,1,2,1,3,3,1,1,0,1,0,0,0,0,0,0,0,0,0,2,0,0,1,0,0,0,0,0,1,0,0,0,0,0,0,1,1,0,0,1,0,0,0,0,0,0,0,0,1,0,0,0,0,1,0,1,0,1,0,0,0,1,0,1,1,0,0,1,0,0,0,0,1,0,0,0,1,0,0,0,0,1,0,0,0,0,1,0,0,1,0,0,1,1,0,0,0,1,0,0,0,0,0,0,0,0,0,0,0,1,0,0,1,0,0,0,0,0,0,0,0,1,1,0,1,1,0,0,0,0,0,0,0,0,0,1,0,0,0,0,0,1,0,0,0,0,1,1,2,0,0,0,0,1,0,0,0,0,0,0,0,0,1,0,0,1,0,1,0,0,1,0,0,0,2,0,0,0,0,0,0,0,0,0,0,0,0,0,1,1,1,0,2,0,0,0,1,0,0,1,0,0,0,0,0,0,0,0,0,0,0,0,0,1,0,1,1,0,0,0,0,0,0,0,0,0,2,0,0,1,1,0,0,0,0,1,1,0,0,0,0,1,0,1,0,2,3,0,0,0,0,0,1,0,0,0,1,0,0,0,0,0,1,0,0,0,15,15,0.0,15.0,0.0,53.333333333333336,53.333333333333336,0.0,53.333333333333336,0.0,73.0,47.13510789427823,1347.0,5.938764438624491,0.3333333333333333,1.7596755379450366,153.39491516996253,154.45648434285806,23.582561962887905,32.133555942495434,47.13510789427823,79.89084902128977,1341.0612355613755,23856.805555555555,47.75729307879433,23.878646539397167,2.101300207807706,0.5058490774038366,0.2832962954526695,146.0,110.87507477312252,877.7795792004544,1.6725072552931814,0.1666666666666666,2.251748778113664,143.77760604489143,144.77261865114934,34.777144459396524,50.00000000000001,110.87507477312252,223.56973661334237,876.1070719451611,20959.11111111111,173.56973661334234,86.78486830667117,0.9847781235951468,0.7329011699341513,0.2741409818048649,0.6402494604496084,0.742019093675796,0.7614077447779176,0.7655169650582095,0.7659680398080405
0.1486486486486486,0.3108108108108108,0.3648648648648648,0.1756756756756756,0.0136986301369863,0.0,0.1095890410958904,0.0273972602739726,0.0410958904109589,0.0821917808219178,0.1095890410958904,0.0821917808219178,0.0684931506849315,0.136986301369863,0.0958904109589041,0.0547945205479452,0.0273972602739726,0.0958904109589041,0.0410958904109589,0.0136986301369863,0,0,3,0,0,1,1,2,0,1,0,2,0,1,0,0,1,0,0,0,2,2,1,2,2,2,4,2,1,1,1,0,0,0,3,2,1,2,2,1,0,5,2,0,1,3,2,1,0,0,2,0,0,1,2,1,3,1,1,0,0,2,0,0,0,0,0,0,0,0,0,0,1,1,1,0,0,0,0,0,0,0,0,0,0,0,0,1,0,1,0,0,0,1,1,0,0,0,0,0,1,0,0,0,0,0,0,0,0,1,0,1,0,0,0,0,0,1,0,0,0,0,0,0,0,0,0,0,0,0,0,1,0,0,0,0,0,0,0,0,0,0,0,0,0,0,2,0,0,1,1,0,0,0,0,1,0,1,1,0,0,0,2,0,0,1,0,1,2,1,0,1,1,1,0,0,0,0,1,0,0,1,0,0,0,0,0,1,0,0,0,0,0,0,0,0,0,0,0,0,1,1,1,0,1,1,0,0,0,0,1,0,0,0,1,1,0,1,1,0,0,1,0,0,0,0,0,0,0,1,2,1,0,1,0,1,0,0,0,0,0,0,1,0,1,0,1,1,0,1,1,0,0,1,0,0,0,0,0,0,0,0,0,0,0,1,1,0,0,0,0,0,0,0,0,0,0,1,0,0,1,0,1,0,0,0,1,0,1,0,1,1,0,0,0,1,0,0,1,0,0,0,0,0,0,0,0,0,1,0,1,0,0,0,0,0,0,0,0,0,0,0,0.0,0.0,0.0,0.0,0.0,0.0,0.0,0.0,74.0,55.61640647795936,1548.0,10.034866285389912,0.3333333333333333,1.7792530004484446,175.29974329701685,176.496342466663,19.38009461621781,25.982627396042957,55.61640647795936,71.69373104296383,1537.96513371461,31150.95890410959,45.71110364692088,22.85555182346044,2.368915449959687,0.3146084502398724,0.2674537911329979,147.99999999999994,96.92771178950424,712.0,0.2499093261978191,0.1666666666666667,2.34534507217747,151.4199458459816,152.45354109295337,14.73508828876967,28.43869303154902,96.92771178950424,228.6234244693839,711.7500906738022,23242.08219178082,200.1847314378349,100.09236571891743,1.0231077422025787,1.01186712077769,0.3028575180727592,0.6175346987579347,0.7357990092714947,0.760621455245466,0.7648168914069279,0.766030363213935
0.1756756756756756,0.3243243243243243,0.3378378378378378,0.1621621621621621,0.0684931506849315,0.0136986301369863,0.0547945205479452,0.0273972602739726,0.0547945205479452,0.1095890410958904,0.1232876712328767,0.0410958904109589,0.0273972602739726,0.0958904109589041,0.136986301369863,0.0821917808219178,0.0273972602739726,0.0958904109589041,0.0273972602739726,0.0136986301369863,1,0,0,1,1,4,0,1,0,0,1,1,0,1,0,0,2,0,0,0,2,2,4,0,1,3,4,1,1,2,1,0,0,0,4,0,0,2,3,2,0,2,3,1,1,4,1,1,1,1,0,1,1,0,1,0,1,1,2,3,0,0,0,0,0,1,0,0,0,0,0,0,0,0,0,0,0,1,0,0,0,0,1,0,0,1,2,1,0,0,0,0,0,1,0,0,0,0,0,0,0,0,0,0,0,0,0,1,0,1,0,0,0,0,0,0,0,1,0,0,0,0,0,0,0,0,0,0,0,0,1,1,0,0,0,0,0,0,0,0,0,0,0,0,0,0,0,1,0,1,1,0,1,1,1,1,0,0,0,0,1,0,0,0,1,2,0,0,0,2,1,1,0,0,0,1,1,0,0,0,0,0,2,0,0,0,1,0,0,0,0,0,0,0,0,0,0,0,0,0,0,3,1,0,0,0,0,0,0,0,0,0,0,2,0,0,0,0,2,1,0,1,1,0,0,0,0,0,1,0,0,1,1,0,1,1,0,0,1,0,0,0,1,0,2,0,2,0,0,0,1,0,0,1,0,0,1,0,0,0,0,1,0,0,0,0,0,0,1,0,0,0,1,0,0,0,0,0,0,0,0,0,1,0,0,0,0,0,0,0,1,0,0,0,0,1,0,0,1,1,1,2,0,0,0,0,0,0,0,0,0,0,0,0,0,0,0,0,0,0,0,0,0.0,0.0,0.0,0.0,0.0,0.0,0.0,0.0,74.00000000000003,51.49919492617593,1514.0,8.231218250593244,0.3333333333333332,1.7685701103479587,170.4347382431176,171.59812880162528,29.044034130736534,38.59631904526901,51.49919492617593,70.75326067160478,1505.7687817494068,29445.91780821918,32.156941626335765,16.078470813167883,2.3031721384205075,0.3960601924073899,0.2159807110424831,148.0,87.04913116593167,598.872657917787,3.589973919143388,0.1666666666666666,2.3155882828862446,152.05262246998566,153.0905363788602,22.02879281237792,41.29321316544954,87.04913116593167,203.80771370753297,595.2826839986436,23436.71232876712,162.51450054208345,81.25725027104171,1.02738258425666,1.2025613470645604,0.2093786614689189,0.6223037374644688,0.735913656921925,0.760168905332966,0.7649411211545335,0.7657736641360723
0.2972972972972973,0.2027027027027027,0.2162162162162162,0.2837837837837837,0.1095890410958904,0.0273972602739726,0.0547945205479452,0.0958904109589041,0.0684931506849315,0.0136986301369863,0.0821917808219178,0.0410958904109589,0.0273972602739726,0.0684931506849315,0.0410958904109589,0.0821917808219178,0.0958904109589041,0.0958904109589041,0.0273972602739726,0.0684931506849315,2,0,0,2,1,0,2,0,0,2,1,3,3,2,2,1,1,1,1,1,2,1,0,0,0,1,0,0,3,1,0,2,1,0,3,2,0,0,1,1,1,0,0,0,1,3,0,1,4,1,0,2,1,0,3,1,1,1,2,3,0,1,0,1,1,0,0,1,0,0,0,0,0,0,0,0,0,1,1,0,0,0,0,1,0,0,0,0,0,1,1,0,0,0,0,0,0,0,0,0,1,0,1,0,0,0,0,1,1,1,0,1,1,0,1,1,0,1,1,0,0,2,0,0,1,0,0,0,0,0,1,0,0,0,0,1,0,0,0,1,0,0,0,1,1,0,0,1,0,0,0,1,0,0,0,0,0,0,0,0,0,0,0,0,0,0,0,0,0,0,0,0,0,0,0,0,1,0,1,1,0,0,1,0,0,0,0,0,1,1,0,0,0,0,0,1,0,0,0,0,0,0,2,1,0,0,0,2,0,0,0,0,0,0,0,0,0,0,0,1,0,1,0,0,1,0,0,0,0,0,0,0,0,0,0,0,0,0,0,0,1,0,0,0,1,0,2,0,0,0,0,0,0,1,0,0,2,1,1,0,1,0,0,0,0,0,0,0,0,1,1,0,0,0,0,1,0,0,0,0,2,0,0,1,1,0,0,0,0,1,0,0,1,0,0,0,0,1,0,1,2,0,0,1,0,0,0,0,0,0,1,0,0,0,0,0,1,0,0,0,15,9,3.0,12.0,0.25,53.333333333333336,22.22222222222222,15.555555555555555,37.77777777777778,0.411764705882353,73.99999999999996,57.67756058055564,1406.0,3.871764031675939,0.3333333333333335,1.7629291063294987,158.43610699584863,159.51759468377972,26.782611064987883,32.74112878576592,57.67756058055564,87.07925468396373,1402.128235968324,25445.86301369863,54.33812589819781,27.169062949098905,2.1410284729168745,0.3090666590262535,0.3539743168118506,148.0,110.23168208913177,707.1771712065754,1.9691076641788487,0.1666666666666666,2.2599324804288434,138.50631754544628,139.4517641356607,25.546073671702587,59.10729898176763,110.23168208913177,197.3727193143107,705.2080635423965,19446.79452054795,138.26542033254307,69.13271016627154,0.9358534969286912,0.8180489940137746,0.2110911157763831,0.6372312350880239,0.7416229090904718,0.7602645830609168,0.764599855726775,0.7657736641360723
0.2432432432432432,0.2432432432432432,0.2702702702702703,0.2432432432432432,0.0273972602739726,0.0547945205479452,0.0821917808219178,0.0684931506849315,0.1095890410958904,0.0410958904109589,0.0547945205479452,0.0410958904109589,0.0410958904109589,0.0547945205479452,0.0821917808219178,0.0958904109589041,0.0684931506849315,0.0958904109589041,0.0410958904109589,0.0410958904109589,1,0,2,1,2,2,0,1,1,0,1,2,0,2,1,1,1,1,0,0,4,0,1,1,0,0,1,2,3,2,0,0,0,1,2,1,1,0,1,1,0,1,1,1,2,3,2,2,0,2,2,3,0,1,2,0,2,2,2,2,0,0,0,0,0,0,0,1,0,0,0,0,0,1,1,0,0,1,0,0,0,2,0,0,0,1,0,0,0,0,0,0,0,1,0,0,0,0,0,1,0,0,0,0,0,0,1,0,1,0,0,1,0,0,0,0,1,1,0,0,1,0,0,0,0,0,1,0,0,0,0,1,0,0,1,0,0,0,0,0,0,0,0,0,0,0,2,2,0,0,0,0,0,0,0,1,0,1,0,0,0,0,0,0,0,0,0,0,0,0,0,1,0,1,0,1,1,0,2,0,1,0,1,0,0,0,0,0,0,0,0,0,0,0,0,0,1,0,0,0,0,2,0,0,0,1,0,0,0,1,0,0,0,0,0,0,0,0,0,1,1,0,0,0,0,0,0,0,1,0,0,0,0,0,0,1,0,1,0,0,0,1,1,0,2,0,1,0,0,0,2,0,1,1,0,0,0,0,0,0,1,0,0,1,1,0,0,1,1,0,2,0,0,0,0,0,0,0,1,0,1,0,0,1,0,0,0,0,1,0,1,0,0,1,0,1,0,0,1,1,1,0,0,1,0,0,0,0,0,0,0,0,0,0,0,0,0,0,0,0,33,33,0.0,33.0,0.0,54.54545454545454,54.54545454545454,0.0,54.54545454545454,0.0,74.0,50.36466081530252,1372.0,7.168655504111974,0.3333333333333333,1.7699405922467042,156.60779035539707,157.67679792138006,20.523468062384115,29.04544691304948,50.36466081530252,72.90549436661794,1364.831344495888,24861.972602739726,43.86004745356846,21.93002372678423,2.116321491289149,0.4527617521017457,0.2579114771201987,148.00000000000003,91.61422658955864,956.984036178944,0.5738461132090528,0.1666666666666666,2.3204722363352213,158.44241856270688,159.52394933350575,24.929588923317592,37.3791528227872,91.61422658955864,216.72495138155224,956.4101900657348,25447.890410958906,179.345798558765,89.6728992793825,1.0705568821804516,1.0676264712809638,0.2706310433256593,0.6419371385740921,0.7437416178401209,0.761524392858373,0.7653452342124085,0.7659020136750037
0.2,0.2588235294117647,0.3529411764705882,0.188235294117647,0.0595238095238095,0.0476190476190476,0.0595238095238095,0.0357142857142857,0.0357142857142857,0.1071428571428571,0.0833333333333333,0.0357142857142857,0.0714285714285714,0.0476190476190476,0.119047619047619,0.1071428571428571,0.0357142857142857,0.0595238095238095,0.0833333333333333,0.0119047619047619,0,1,1,0,1,1,2,0,1,1,2,3,0,1,2,0,1,1,1,0,1,6,1,1,2,1,2,0,1,1,1,0,3,1,2,3,1,1,0,2,1,1,4,5,0,1,3,1,1,1,1,0,0,1,3,0,2,1,1,0,2,2,1,0,0,0,0,0,0,0,1,0,0,0,0,1,0,0,0,0,0,1,0,0,0,1,0,0,0,0,1,1,0,0,0,0,0,0,1,0,0,1,0,0,1,1,0,0,1,0,2,0,0,0,0,0,0,1,0,0,0,0,1,1,0,0,0,0,0,0,0,1,0,0,1,0,0,0,0,1,0,0,0,0,0,1,0,0,0,3,0,2,0,1,0,0,0,1,0,0,1,0,1,0,1,0,0,0,1,0,1,0,0,0,0,0,0,0,0,1,1,0,0,0,0,0,1,0,0,0,0,0,1,1,1,0,0,0,1,0,0,1,1,0,1,2,0,0,1,0,0,0,0,0,1,0,0,0,0,0,0,0,2,0,0,0,1,0,1,0,0,0,0,1,1,2,1,1,2,1,0,0,0,0,0,0,1,0,2,0,0,1,0,1,0,0,0,0,1,0,0,1,0,0,0,0,1,0,0,0,0,0,0,0,0,0,0,1,0,0,2,0,1,0,0,0,0,0,2,0,0,0,0,0,0,1,0,0,1,0,0,0,0,0,0,1,0,1,0,1,1,0,0,0,0,1,0,0,0,0,0,0,0.0,0.0,0.0,0.0,0.0,0.0,0.0,0.0,84.99999999999997,56.89534349902105,1929.0,13.875388202501895,0.3333333333333334,1.935765049661637,203.77438504385188,204.98373919248647,32.803504744658454,38.87896071460029,56.89534349902105,80.1667968927247,1915.124611797498,42018.333333333336,41.287836178124415,20.643918089062208,2.397345706398258,0.4137613738095322,0.255657820567542,170.00000000000006,135.028166647516,566.0357629598593,1.7756607953372678,0.1666666666666666,2.385574399340275,136.29380029920657,137.10267268417073,42.50929374487799,64.38446699680313,135.028166647516,261.4967406781104,564.2601021645221,18797.14285714285,197.11227368130724,98.55613684065362,0.801728237054156,0.7697745592765817,0.2936004717739388,0.6292687099371937,0.7412093942626051,0.7613209088484222,0.7654652697553949,0.7663911868350431
0.2054794520547945,0.2602739726027397,0.3013698630136986,0.2328767123287671,0.0416666666666666,0.0138888888888888,0.1111111111111111,0.0277777777777777,0.0972222222222222,0.0555555555555555,0.0416666666666666,0.0694444444444444,0.0277777777777777,0.1111111111111111,0.0972222222222222,0.0694444444444444,0.0416666666666666,0.0833333333333333,0.0416666666666666,0.0694444444444444,1,0,1,0,2,0,1,1,0,1,2,1,0,3,1,0,0,1,3,0,2,0,0,3,0,1,2,1,1,0,1,2,1,0,1,0,0,4,2,1,1,2,1,0,1,3,1,3,1,0,3,2,2,0,0,0,1,3,1,3,1,0,0,0,0,0,0,1,0,0,0,0,0,1,0,0,0,0,0,0,1,0,1,0,0,0,0,0,0,1,0,0,0,1,0,0,0,0,0,0,0,0,1,0,0,1,1,0,0,1,0,0,0,0,0,0,1,1,1,0,0,0,1,0,0,0,0,0,0,0,0,0,0,0,0,1,0,1,1,1,0,0,0,0,0,0,1,1,0,0,0,0,0,0,0,0,0,0,1,2,0,0,0,0,1,0,0,0,0,1,0,1,0,0,1,0,1,0,0,0,0,0,0,0,0,0,1,0,1,0,0,1,0,0,1,0,0,0,0,0,0,0,1,0,0,0,0,0,0,0,0,0,1,1,0,1,1,1,0,0,0,1,0,0,0,1,0,0,1,1,0,0,0,0,0,1,0,0,0,0,0,0,1,0,2,0,1,0,0,0,1,0,1,1,1,0,0,0,1,0,0,0,0,0,1,1,0,1,1,1,0,0,1,0,1,0,0,0,0,0,0,0,0,0,0,0,0,0,0,0,1,0,0,0,0,3,0,0,0,1,0,1,0,2,0,0,1,0,0,0,0,0,0,0,0,0,0,0,0,0,0,0,0.0,0.0,0.0,0.0,0.0,0.0,0.0,0.0,73.00000000000004,54.60426244778847,1359.0,9.875020774660197,0.3333333333333331,1.7186545386109973,154.2400726140908,155.30749069721867,22.65190468716218,37.0139025014064,54.60426244778847,72.88425883480107,1349.1249792253398,24120.416666666668,35.870356333394675,17.935178166697337,2.1128777070423386,0.3578007434858599,0.2646126468038793,145.99999999999997,106.0,643.3545735459477,0.4583797147615528,0.1666666666666666,2.2330026779046634,131.4534138012399,132.36313686219438,31.84221696095246,51.00441741999682,106.0,203.5329844885146,642.8961938311861,17520.000000000004,152.5285670685178,76.2642835342589,0.900365847953698,0.9128709291752756,0.2686718121154595,0.6385356044030994,0.7411418726520015,0.7615226048264387,0.7647144019116502,0.7658353715898868
