nameseq,AAA,AAC,AAG,AAT,ACA,ACC,ACG,ACT,AGA,AGC,AGG,AGT,ATA,ATC,ATG,ATT,CAA,CAC,CAG,CAT,CCA,CCC,CCG,CCT,CGA,CGC,CGG,CGT,CTA,CTC,CTG,CTT,GAA,GAC,GAG,GAT,GCA,GCC,GCG,GCT,GGA,GGC,GGG,GGT,GTA,GTC,GTG,GTT,TAA,TAC,TAG,TAT,TCA,TCC,TCG,TCT,TGA,TGC,TGG,TGT,TTA,TTC,TTG,TTT,label
pre_0_train_ACP_1,0.38461538461538464,0.0,0.15384615384615385,0.0,0.0,0.0,0.0,0.0,0.15384615384615385,0.0,0.0,0.0,0.0,0.0,0.0,0.0,0.0,0.0,0.0,0.0,0.0,0.0,0.0,0.0,0.0,0.0,0.0,0.0,0.0,0.0,0.0,0.0,0.23076923076923078,0.0,0.0,0.0,0.0,0.0,0.0,0.0,0.07692307692307693,0.0,0.0,0.0,0.0,0.0,0.0,0.0,0.0,0.0,0.0,0.0,0.0,0.0,0.0,0.0,0.0,0.0,0.0,0.0,0.0,0.0,0.0,0.0,acp
nameseq,AAA,AAC,AAG,AAT,ACA,ACC,ACG,ACT,AGA,AGC,AGG,AGT,ATA,ATC,ATG,ATT,CAA,CAC,CAG,CAT,CCA,CCC,CCG,CCT,CGA,CGC,CGG,CGT,CTA,CTC,CTG,CTT,GAA,GAC,GAG,GAT,GCA,GCC,GCG,GCT,GGA,GGC,GGG,GGT,GTA,GTC,GTG,GTT,TAA,TAC,TAG,TAT,TCA,TCC,TCG,TCT,TGA,TGC,TGG,TGT,TTA,TTC,TTG,TTT,label
pre_0_train_U00096.3/3982510-3982582,0.0,0.0,0.0,0.014084507042253521,0.0,0.014084507042253521,0.0,0.0,0.014084507042253521,0.04225352112676056,0.0,0.028169014084507043,0.014084507042253521,0.014084507042253521,0.0,0.04225352112676056,0.0,0.014084507042253521,0.028169014084507043,0.014084507042253521,0.04225352112676056,0.028169014084507043,0.0,0.014084507042253521,0.014084507042253521,0.0,0.0,0.014084507042253521,0.014084507042253521,0.014084507042253521,0.014084507042253521,0.0,0.014084507042253521,0.0,0.014084507042253521,0.028169014084507043,0.0,0.028169014084507043,0.0,0.028169014084507043,0.014084507042253521,0.014084507042253521,0.014084507042253521,0.028169014084507043,0.014084507042253521,0.014084507042253521,0.04225352112676056,0.04225352112676056,0.0,0.0,0.04225352112676056,0.014084507042253521,0.014084507042253521,0.028169014084507043,0.028169014084507043,0.0,0.014084507042253521,0.0,0.056338028169014086,0.028169014084507043,0.014084507042253521,0.028169014084507043,0.04225352112676056,0.0,tRNA
pre_1_train_U00096.3/225500-225572,0.0,0.0,0.0,0.0,0.0,0.0,0.014084507042253521,0.0,0.014084507042253521,0.056338028169014086,0.028169014084507043,0.0,0.028169014084507043,0.014084507042253521,0.0,0.0,0.0,0.014084507042253521,0.028169014084507043,0.014084507042253521,0.014084507042253521,0.014084507042253521,0.014084507042253521,0.014084507042253521,0.014084507042253521,0.04225352112676056,0.014084507042253521,0.0,0.014084507042253521,0.028169014084507043,0.04225352112676056,0.014084507042253521,0.0,0.0,0.04225352112676056,0.014084507042253521,0.04225352112676056,0.014084507042253521,0.028169014084507043,0.07042253521126761,0.028169014084507043,0.014084507042253521,0.04225352112676056,0.028169014084507043,0.0,0.014084507042253521,0.0,0.014084507042253521,0.0,0.0,0.028169014084507043,0.014084507042253521,0.014084507042253521,0.028169014084507043,0.014084507042253521,0.014084507042253521,0.0,0.04225352112676056,0.014084507042253521,0.0,0.0,0.014084507042253521,0.014084507042253521,0.014084507042253521,tRNA
pre_2_train_U00096.3/225381-225454,0.0,0.0,0.027777777777777776,0.0,0.0,0.013888888888888888,0.0,0.013888888888888888,0.013888888888888888,0.027777777777777776,0.06944444444444445,0.013888888888888888,0.013888888888888888,0.0,0.0,0.0,0.013888888888888888,0.027777777777777776,0.027777777777777776,0.0,0.013888888888888888,0.027777777777777776,0.0,0.027777777777777776,0.0,0.013888888888888888,0.013888888888888888,0.0,0.013888888888888888,0.027777777777777776,0.013888888888888888,0.013888888888888888,0.0,0.0,0.027777777777777776,0.013888888888888888,0.013888888888888888,0.013888888888888888,0.013888888888888888,0.027777777777777776,0.0,0.027777777777777776,0.013888888888888888,0.08333333333333333,0.013888888888888888,0.027777777777777776,0.041666666666666664,0.027777777777777776,0.013888888888888888,0.0,0.027777777777777776,0.0,0.041666666666666664,0.013888888888888888,0.013888888888888888,0.0,0.027777777777777776,0.0,0.027777777777777776,0.013888888888888888,0.013888888888888888,0.013888888888888888,0.013888888888888888,0.0,tRNA
pre_3_train_U00096.3/262871-262943,0.0,0.0,0.014084507042253521,0.014084507042253521,0.0,0.0,0.0,0.014084507042253521,0.014084507042253521,0.04225352112676056,0.028169014084507043,0.014084507042253521,0.028169014084507043,0.014084507042253521,0.014084507042253521,0.028169014084507043,0.0,0.0,0.028169014084507043,0.014084507042253521,0.0,0.0,0.014084507042253521,0.014084507042253521,0.04225352112676056,0.014084507042253521,0.014084507042253521,0.028169014084507043,0.014084507042253521,0.028169014084507043,0.0,0.0,0.014084507042253521,0.014084507042253521,0.014084507042253521,0.014084507042253521,0.04225352112676056,0.014084507042253521,0.028169014084507043,0.014084507042253521,0.0,0.014084507042253521,0.0,0.04225352112676056,0.04225352112676056,0.014084507042253521,0.0,0.028169014084507043,0.014084507042253521,0.0,0.04225352112676056,0.04225352112676056,0.014084507042253521,0.014084507042253521,0.056338028169014086,0.0,0.0,0.014084507042253521,0.014084507042253521,0.0,0.014084507042253521,0.028169014084507043,0.014084507042253521,0.0,tRNA
pre_4_train_U00096.3/3982375-3982448,0.0,0.0,0.0,0.013888888888888888,0.0,0.0,0.0,0.0,0.027777777777777776,0.041666666666666664,0.041666666666666664,0.0,0.013888888888888888,0.013888888888888888,0.0,0.0,0.0,0.0,0.041666666666666664,0.0,0.0,0.027777777777777776,0.027777777777777776,0.027777777777777776,0.013888888888888888,0.041666666666666664,0.027777777777777776,0.013888888888888888,0.0,0.041666666666666664,0.041666666666666664,0.0,0.013888888888888888,0.0,0.041666666666666664,0.013888888888888888,0.013888888888888888,0.027777777777777776,0.05555555555555555,0.041666666666666664,0.027777777777777776,0.027777777777777776,0.013888888888888888,0.027777777777777776,0.013888888888888888,0.027777777777777776,0.0,0.013888888888888888,0.0,0.0,0.027777777777777776,0.0,0.027777777777777776,0.027777777777777776,0.027777777777777776,0.013888888888888888,0.0,0.013888888888888888,0.013888888888888888,0.013888888888888888,0.0,0.013888888888888888,0.0,0.0,tRNA
pre_5_train_U00096.3/2947387-2947460,0.013888888888888888,0.013888888888888888,0.013888888888888888,0.013888888888888888,0.0,0.013888888888888888,0.0,0.0,0.0,0.041666666666666664,0.013888888888888888,0.0,0.013888888888888888,0.013888888888888888,0.0,0.0,0.027777777777777776,0.0,0.013888888888888888,0.013888888888888888,0.0,0.05555555555555555,0.041666666666666664,0.013888888888888888,0.013888888888888888,0.027777777777777776,0.05555555555555555,0.027777777777777776,0.0,0.027777777777777776,0.013888888888888888,0.0,0.013888888888888888,0.0,0.013888888888888888,0.0,0.027777777777777776,0.027777777777777776,0.013888888888888888,0.027777777777777776,0.013888888888888888,0.027777777777777776,0.041666666666666664,0.05555555555555555,0.013888888888888888,0.041666666666666664,0.013888888888888888,0.013888888888888888,0.013888888888888888,0.0,0.013888888888888888,0.0,0.027777777777777776,0.013888888888888888,0.05555555555555555,0.0,0.0,0.0,0.027777777777777776,0.0,0.0,0.013888888888888888,0.0,0.0,tRNA
pre_6_train_U00096.3/297178-297251,0.041666666666666664,0.013888888888888888,0.027777777777777776,0.027777777777777776,0.013888888888888888,0.0,0.0,0.013888888888888888,0.0,0.0,0.027777777777777776,0.027777777777777776,0.0,0.027777777777777776,0.027777777777777776,0.041666666666666664,0.013888888888888888,0.0,0.0,0.041666666666666664,0.0,0.0,0.0,0.013888888888888888,0.027777777777777776,0.013888888888888888,0.013888888888888888,0.027777777777777776,0.013888888888888888,0.027777777777777776,0.0,0.0,0.013888888888888888,0.013888888888888888,0.0,0.0,0.041666666666666664,0.0,0.013888888888888888,0.013888888888888888,0.0,0.013888888888888888,0.0,0.027777777777777776,0.041666666666666664,0.013888888888888888,0.0,0.027777777777777776,0.041666666666666664,0.0,0.027777777777777776,0.027777777777777776,0.013888888888888888,0.013888888888888888,0.06944444444444445,0.0,0.0,0.027777777777777776,0.0,0.0,0.041666666666666664,0.027777777777777776,0.0,0.0,tRNA
pre_7_train_U00096.3/696740-696667,0.0,0.0,0.0,0.027777777777777776,0.027777777777777776,0.0,0.013888888888888888,0.013888888888888888,0.013888888888888888,0.041666666666666664,0.013888888888888888,0.013888888888888888,0.013888888888888888,0.027777777777777776,0.027777777777777776,0.0,0.0,0.041666666666666664,0.027777777777777776,0.027777777777777776,0.013888888888888888,0.013888888888888888,0.013888888888888888,0.0,0.013888888888888888,0.0,0.0,0.041666666666666664,0.013888888888888888,0.027777777777777776,0.0,0.0,0.013888888888888888,0.0,0.013888888888888888,0.013888888888888888,0.013888888888888888,0.013888888888888888,0.0,0.027777777777777776,0.0,0.013888888888888888,0.027777777777777776,0.041666666666666664,0.027777777777777776,0.027777777777777776,0.0,0.041666666666666664,0.013888888888888888,0.013888888888888888,0.041666666666666664,0.0,0.05555555555555555,0.013888888888888888,0.027777777777777776,0.0,0.013888888888888888,0.0,0.027777777777777776,0.0,0.013888888888888888,0.013888888888888888,0.013888888888888888,0.0,tRNA
pre_8_train_U00096.3/925971-925887,0.012048192771084338,0.012048192771084338,0.024096385542168676,0.012048192771084338,0.0,0.012048192771084338,0.03614457831325301,0.0,0.0,0.012048192771084338,0.024096385542168676,0.024096385542168676,0.012048192771084338,0.024096385542168676,0.0,0.0,0.012048192771084338,0.024096385542168676,0.0,0.0,0.0,0.060240963855421686,0.024096385542168676,0.024096385542168676,0.024096385542168676,0.012048192771084338,0.024096385542168676,0.012048192771084338,0.0,0.012048192771084338,0.024096385542168676,0.0,0.03614457831325301,0.0,0.03614457831325301,0.0,0.024096385542168676,0.012048192771084338,0.0,0.012048192771084338,0.024096385542168676,0.024096385542168676,0.03614457831325301,0.03614457831325301,0.024096385542168676,0.012048192771084338,0.060240963855421686,0.012048192771084338,0.0,0.012048192771084338,0.0,0.024096385542168676,0.012048192771084338,0.024096385542168676,0.024096385542168676,0.0,0.024096385542168676,0.0,0.024096385542168676,0.03614457831325301,0.0,0.012048192771084338,0.0,0.0,tRNA
pre_9_train_U00096.3/2785837-2785765,0.0,0.0,0.028169014084507043,0.014084507042253521,0.0,0.0,0.0,0.014084507042253521,0.014084507042253521,0.04225352112676056,0.028169014084507043,0.028169014084507043,0.014084507042253521,0.014084507042253521,0.0,0.0,0.028169014084507043,0.0,0.04225352112676056,0.014084507042253521,0.028169014084507043,0.014084507042253521,0.0,0.014084507042253521,0.014084507042253521,0.028169014084507043,0.0,0.0,0.0,0.028169014084507043,0.014084507042253521,0.028169014084507043,0.0,0.014084507042253521,0.014084507042253521,0.0,0.028169014084507043,0.028169014084507043,0.014084507042253521,0.04225352112676056,0.0,0.04225352112676056,0.014084507042253521,0.04225352112676056,0.0,0.028169014084507043,0.014084507042253521,0.028169014084507043,0.014084507042253521,0.0,0.028169014084507043,0.0,0.04225352112676056,0.014084507042253521,0.028169014084507043,0.0,0.0,0.0,0.04225352112676056,0.0,0.028169014084507043,0.014084507042253521,0.014084507042253521,0.014084507042253521,tRNA
