AA,AC,AG,AT,CA,CC,CG,CT,GA,GC,GG,GT,TA,TC,TG,TT,AAA,AAC,AAG,AAT,ACA,ACC,ACG,ACT,AGA,AGC,AGG,AGT,ATA,ATC,ATG,ATT,CAA,CAC,CAG,CAT,CCA,CCC,CCG,CCT,CGA,CGC,CGG,CGT,CTA,CTC,CTG,CTT,GAA,GAC,GAG,GAT,GCA,GCC,GCG,GCT,GGA,GGC,GGG,GGT,GTA,GTC,GTG,GTT,TAA,TAC,TAG,TAT,TCA,TCC,TCG,TCT,TGA,TGC,TGG,TGT,TTA,TTC,TTG,TTT,maximum_ORF_length,minimum_ORF_length,std_ORF_length,average_ORF_length,cv_ORF_length,maximum_GC_content_ORF,minimum_GC_content_ORF,std_GC_content_ORF,average_GC_content_ORF,cv_GC_content_ORF,average,median,maximum,minimum,peak,none_levated_peak,sample_standard_deviation,population_standard_deviation,percentile15,percentile25,percentile50,percentile75,amplitude,variance,interquartile_range,semi_interquartile_range,coefficient_of_variation,skewness,kurtosis,k-tsallis12.3,k-tsallis22.3,k-tsallis32.3,k-tsallis42.3,k-tsallis52.3
0.5714285714285714,0.0,0.1428571428571428,0.0,0.0,0.0,0.0,0.0,0.2142857142857142,0.0,0.0714285714285714,0.0,0.0,0.0,0.0,0.0,0.3846153846153846,0.0,0.1538461538461538,0.0,0.0,0.0,0.0,0.0,0.1538461538461538,0.0,0.0,0.0,0.0,0.0,0.0,0.0,0.0,0.0,0.0,0.0,0.0,0.0,0.0,0.0,0.0,0.0,0.0,0.0,0.0,0.0,0.0,0.0,0.2307692307692307,0.0,0.0,0.0,0.0,0.0,0.0,0.0,0.0769230769230769,0.0,0.0,0.0,0.0,0.0,0.0,0.0,0.0,0.0,0.0,0.0,0.0,0.0,0.0,0.0,0.0,0.0,0.0,0.0,0.0,0.0,0.0,0.0,0,0,0.0,0.0,0.0,0.0,0.0,0.0,0.0,0.0,14.999999999999996,5.182045875570824,137.0,1.1097501919298065,0.3333333333333334,1.2396386096256786,32.95451410656816,34.111162814706695,2.0,2.0,5.182045875570824,13.148658380435007,135.8902498080702,1163.571428571429,11.148658380435007,5.5743291902175045,2.1969676071045448,0.8937732256661332,0.4447313333119376,0.3555154676825301,0.5240873181399047,0.6345376095556297,0.6726541876909928,0.6966576971452233
0.0,0.0,0.0,0.0,0.0,0.0,0.0,0.0,1.0,0.0,0.0,0.0,0.0,0.0,0.0,0.0,,,,,,,,,,,,,,,,,,,,,,,,,,,,,,,,,,,,,,,,,,,,,,,,,,,,,,,,,,,,,,,,,0,0,0.0,0.0,0.0,0.0,0.0,0.0,0.0,0.0,2.0,2.0,2.0,2.0,0.3333333333333333,0.3333333333333333,0.0,0.0,2.0,2.0,2.0,2.0,0.0,0.0,0.0,0.0,0.0,,,0.4568260014014479,,,,
0.0,0.0,0.3333333333333333,0.0,0.0,0.0,0.0,0.0,0.3333333333333333,0.0,0.3333333333333333,0.0,0.0,0.0,0.0,0.0,,,,,,,,,,,,,,,,,,,,,,,,,,,,,,,,,,,,,,,,,,,,,,,,,,,,,,,,,,,,,,,,,0,0,0.0,0.0,0.0,0.0,0.0,0.0,0.0,0.0,4.0,2.0,10.0,2.0,0.3333333333333333,0.5333333333333333,3.4641016151377544,4.0,2.0,2.0,2.0,4.0,8.0,16.0,2.0,1.0,0.8660254037844386,1.7320508075688774,0.1785714285714285,0.3405967910015354,0.5848145914551631,0.4568260014014479,,
0.0,0.0,0.3333333333333333,0.0,0.0,0.0,0.0,0.0,0.3333333333333333,0.0,0.3333333333333333,0.0,0.0,0.0,0.0,0.0,,,,,,,,,,,,,,,,,,,,,,,,,,,,,,,,,,,,,,,,,,,,,,,,,,,,,,,,,,,,,,,,,0,0,0.0,0.0,0.0,0.0,0.0,0.0,0.0,0.0,4.0,2.0,10.0,2.0,0.3333333333333333,0.5333333333333333,3.4641016151377544,4.0,2.0,2.0,2.0,4.0,8.0,16.0,2.0,1.0,0.8660254037844386,1.7320508075688774,0.1785714285714285,0.3405967910015354,0.5848145914551631,0.4568260014014479,,
0.0,0.0,0.25,0.0,0.0,0.0,0.0,0.0,0.0,0.0,0.25,0.25,0.25,0.0,0.0,0.0,,,,,,,,,,,,,,,,,,,,,,,,,,,,,,,,,,,,,,,,,,,,,,,,,,,,,,,,,,,,,,,,,0,0,0.0,0.0,0.0,0.0,0.0,0.0,0.0,0.0,5.0,4.618033988749895,11.0,2.381966011250105,0.3333333333333333,0.4769498906599788,3.1622776601683795,3.5355339059327378,2.381966011250105,2.381966011250105,4.618033988749895,4.618033988749895,8.618033988749895,12.5,2.23606797749979,1.118033988749895,0.6324555320336759,0.3623647752959493,0.1843344353581194,0.4936823837096347,0.6423550085795294,0.5848145914551631,0.4568260014014479,
0.0,0.0,0.3333333333333333,0.0,0.0,0.0,0.0,0.0,0.3333333333333333,0.0,0.3333333333333333,0.0,0.0,0.0,0.0,0.0,,,,,,,,,,,,,,,,,,,,,,,,,,,,,,,,,,,,,,,,,,,,,,,,,,,,,,,,,,,,,,,,,0,0,0.0,0.0,0.0,0.0,0.0,0.0,0.0,0.0,4.0,2.0,10.0,2.0,0.3333333333333333,0.5333333333333333,3.4641016151377544,4.0,2.0,2.0,2.0,4.0,8.0,16.0,2.0,1.0,0.8660254037844386,1.7320508075688774,0.1785714285714285,0.3405967910015354,0.5848145914551631,0.4568260014014479,,
0.0,0.0,0.5,0.0,0.0,0.0,0.0,0.0,0.5,0.0,0.0,0.0,0.0,0.0,0.0,0.0,,,,,,,,,,,,,,,,,,,,,,,,,,,,,,,,,,,,,,,,,,,,,,,,,,,,,,,,,,,,,,,,,0,0,0.0,0.0,0.0,0.0,0.0,0.0,0.0,0.0,5.0,5.236067977499789,13.0,0.7639320225002102,0.3333333333333333,0.5976169560604786,4.47213595499958,5.0,0.7639320225002102,0.7639320225002102,5.236067977499789,5.236067977499789,12.23606797749979,25.0,4.472135954999579,2.2360679774997894,0.894427190999916,-0.1583592135001256,0.24490106354957,0.4381573545930354,0.4568260014014479,0.4050347806404199,0.4568260014014479,
0.0,0.0,0.5,0.0,0.0,0.0,0.0,0.0,0.5,0.0,0.0,0.0,0.0,0.0,0.0,0.0,,,,,,,,,,,,,,,,,,,,,,,,,,,,,,,,,,,,,,,,,,,,,,,,,,,,,,,,,,,,,,,,,0,0,0.0,0.0,0.0,0.0,0.0,0.0,0.0,0.0,3.0,2.0,5.0,2.0,0.3333333333333333,0.4285714285714285,1.4142135623730951,1.7320508075688772,2.0,2.0,2.0,3.5,3.0,3.0,1.5,0.75,0.4714045207910317,2.1213203435596424,0.3124999999999999,0.4050347806404199,0.4568260014014479,,,
0.09375,0.09375,0.0625,0.03125,0.0625,0.0,0.0,0.15625,0.0625,0.09375,0.09375,0.0,0.03125,0.03125,0.09375,0.09375,,,,,,,,,,,,,,,,,,,,,,,,,,,,,,,,,,,,,,,,,,,,,,,,,,,,,,,,,,,,,,,,,0,0,0.0,0.0,0.0,0.0,0.0,0.0,0.0,0.0,33.0,20.0,275.0,5.80154446325561,0.3333333333333333,1.1399229383089635,46.281745861624536,46.9993351016799,12.704473778079418,14.456855749231751,20.0,35.117495407161485,269.1984555367444,2208.9375,20.66063965792973,10.330319828964866,1.4024771473219555,0.8426648406178138,0.3607205053730355,0.640449129268871,0.7338087237737652,0.7518066165082018,0.7581859989123367,0.7595716116686398
0.0,0.0,0.0,0.0,0.0,0.0,0.0,0.0,0.0,0.0,1.0,0.0,0.0,0.0,0.0,0.0,,,,,,,,,,,,,,,,,,,,,,,,,,,,,,,,,,,,,,,,,,,,,,,,,,,,,,,,,,,,,,,,,0,0,0.0,0.0,0.0,0.0,0.0,0.0,0.0,0.0,5.0,0.0,25.0,0.0,0.3333333333333333,1.6666666666666667,10.0,11.180339887498947,0.0,0.0,0.0,0.0,25.0,125.0,0.0,0.0,2.0,1.5,0.0,,,,,
0.0138888888888888,0.0138888888888888,0.0833333333333333,0.0694444444444444,0.0555555555555555,0.0972222222222222,0.0277777777777777,0.0416666666666666,0.0555555555555555,0.0555555555555555,0.0694444444444444,0.1111111111111111,0.0555555555555555,0.0694444444444444,0.0972222222222222,0.0833333333333333,0.0,0.0,0.0,0.0140845070422535,0.0,0.0140845070422535,0.0,0.0,0.0140845070422535,0.0422535211267605,0.0,0.028169014084507,0.0140845070422535,0.0140845070422535,0.0,0.0422535211267605,0.0,0.0140845070422535,0.028169014084507,0.0140845070422535,0.0422535211267605,0.028169014084507,0.0,0.0140845070422535,0.0140845070422535,0.0,0.0,0.0140845070422535,0.0140845070422535,0.0140845070422535,0.0140845070422535,0.0,0.0140845070422535,0.0,0.0140845070422535,0.028169014084507,0.0,0.028169014084507,0.0,0.028169014084507,0.0140845070422535,0.0140845070422535,0.0140845070422535,0.028169014084507,0.0140845070422535,0.0140845070422535,0.0422535211267605,0.0422535211267605,0.0,0.0,0.0422535211267605,0.0140845070422535,0.0140845070422535,0.028169014084507,0.028169014084507,0.0,0.0140845070422535,0.0,0.056338028169014,0.028169014084507,0.0140845070422535,0.028169014084507,0.0422535211267605,0.0,0,0,0.0,0.0,0.0,0.0,0.0,0.0,0.0,0.0,73.0,46.68830760611741,1383.0,5.33176056708281,0.3333333333333333,1.743563263698256,157.9303644015298,159.02332114085235,27.569748965629888,33.29540755284045,46.68830760611741,70.13430240499909,1377.6682394329173,25288.416666666668,36.83889485215864,18.41944742607932,2.1634296493360248,0.499809377891128,0.236958863294408,0.6351946532027563,0.7422325261109354,0.7611592852827065,0.7651319164414154,0.7658353715898868
0.0,0.0138888888888888,0.0972222222222222,0.0416666666666666,0.0694444444444444,0.0555555555555555,0.0694444444444444,0.0972222222222222,0.0555555555555555,0.1527777777777778,0.1111111111111111,0.0277777777777777,0.0416666666666666,0.0694444444444444,0.0555555555555555,0.0416666666666666,0.0,0.0,0.0,0.0,0.0,0.0,0.0140845070422535,0.0,0.0140845070422535,0.056338028169014,0.028169014084507,0.0,0.028169014084507,0.0140845070422535,0.0,0.0,0.0,0.0140845070422535,0.028169014084507,0.0140845070422535,0.0140845070422535,0.0140845070422535,0.0140845070422535,0.0140845070422535,0.0140845070422535,0.0422535211267605,0.0140845070422535,0.0,0.0140845070422535,0.028169014084507,0.0422535211267605,0.0140845070422535,0.0,0.0,0.0422535211267605,0.0140845070422535,0.0422535211267605,0.0140845070422535,0.028169014084507,0.0704225352112676,0.028169014084507,0.0140845070422535,0.0422535211267605,0.028169014084507,0.0,0.0140845070422535,0.0,0.0140845070422535,0.0,0.0,0.028169014084507,0.0140845070422535,0.0140845070422535,0.028169014084507,0.0140845070422535,0.0140845070422535,0.0,0.0422535211267605,0.0140845070422535,0.0,0.0,0.0140845070422535,0.0140845070422535,0.0140845070422535,0,0,0.0,0.0,0.0,0.0,0.0,0.0,0.0,0.0,73.00000000000003,50.26085427302182,1435.0,7.877003678600133,0.3333333333333332,1.772467746454966,163.8596960817394,164.99368674790762,17.540158125861687,31.502360072742267,50.26085427302182,75.307293064312,1427.1229963213998,27222.916666666668,43.80493299156974,21.90246649578487,2.2446533709827308,0.416316146143132,0.2635840526684784,0.6277151966658882,0.7370926264914337,0.7603031971729667,0.764971100989513,0.7657027033717331
0.0273972602739726,0.0273972602739726,0.1232876712328767,0.0136986301369863,0.0684931506849315,0.0684931506849315,0.0273972602739726,0.0684931506849315,0.0410958904109589,0.0684931506849315,0.1232876712328767,0.1095890410958904,0.0547945205479452,0.0684931506849315,0.0684931506849315,0.0410958904109589,0.0,0.0,0.0277777777777777,0.0,0.0,0.0138888888888888,0.0,0.0138888888888888,0.0138888888888888,0.0277777777777777,0.0694444444444444,0.0138888888888888,0.0138888888888888,0.0,0.0,0.0,0.0138888888888888,0.0277777777777777,0.0277777777777777,0.0,0.0138888888888888,0.0277777777777777,0.0,0.0277777777777777,0.0,0.0138888888888888,0.0138888888888888,0.0,0.0138888888888888,0.0277777777777777,0.0138888888888888,0.0138888888888888,0.0,0.0,0.0277777777777777,0.0138888888888888,0.0138888888888888,0.0138888888888888,0.0138888888888888,0.0277777777777777,0.0,0.0277777777777777,0.0138888888888888,0.0833333333333333,0.0138888888888888,0.0277777777777777,0.0416666666666666,0.0277777777777777,0.0138888888888888,0.0,0.0277777777777777,0.0,0.0416666666666666,0.0138888888888888,0.0138888888888888,0.0,0.0277777777777777,0.0,0.0277777777777777,0.0138888888888888,0.0138888888888888,0.0138888888888888,0.0138888888888888,0.0,0,0,0.0,0.0,0.0,0.0,0.0,0.0,0.0,0.0,73.99999999999999,48.270082012869736,1428.0,10.422882973283093,0.3333333333333334,1.7454804937227697,161.31955864060623,162.42072882081564,33.54952224536484,39.10717345228542,48.270082012869736,73.15297300672273,1417.577117026717,26380.49315068493,34.04579955443731,17.022899777218655,2.1799940356838685,0.4784897418009739,0.2010677607271989,0.6340244115245555,0.7397126751083057,0.7599332061327035,0.7648168914069279,0.7655169650582095
0.0277777777777777,0.0138888888888888,0.0972222222222222,0.0833333333333333,0.0555555555555555,0.0277777777777777,0.0972222222222222,0.0416666666666666,0.0555555555555555,0.0972222222222222,0.0555555555555555,0.0833333333333333,0.0972222222222222,0.0833333333333333,0.0277777777777777,0.0555555555555555,0.0,0.0,0.0140845070422535,0.0140845070422535,0.0,0.0,0.0,0.0140845070422535,0.0140845070422535,0.0422535211267605,0.028169014084507,0.0140845070422535,0.028169014084507,0.0140845070422535,0.0140845070422535,0.028169014084507,0.0,0.0,0.028169014084507,0.0140845070422535,0.0,0.0,0.0140845070422535,0.0140845070422535,0.0422535211267605,0.0140845070422535,0.0140845070422535,0.028169014084507,0.0140845070422535,0.028169014084507,0.0,0.0,0.0140845070422535,0.0140845070422535,0.0140845070422535,0.0140845070422535,0.0422535211267605,0.0140845070422535,0.028169014084507,0.0140845070422535,0.0,0.0140845070422535,0.0,0.0422535211267605,0.0422535211267605,0.0140845070422535,0.0,0.028169014084507,0.0140845070422535,0.0,0.0422535211267605,0.0422535211267605,0.0140845070422535,0.0140845070422535,0.056338028169014,0.0,0.0,0.0140845070422535,0.0140845070422535,0.0,0.0140845070422535,0.028169014084507,0.0140845070422535,0.0,15,15,0.0,15.0,0.0,53.333333333333336,53.333333333333336,0.0,53.333333333333336,0.0,73.0,47.13510789427823,1347.0,5.938764438624491,0.3333333333333333,1.7596755379450366,153.39491516996253,154.45648434285806,23.582561962887905,32.133555942495434,47.13510789427823,79.89084902128977,1341.0612355613755,23856.805555555555,47.75729307879433,23.878646539397167,2.101300207807706,0.5058490774038366,0.2832962954526695,0.6402494604496084,0.742019093675796,0.7614077447779176,0.7655169650582095,0.7659680398080405
0.0136986301369863,0.0,0.1095890410958904,0.0273972602739726,0.0410958904109589,0.0821917808219178,0.1095890410958904,0.0821917808219178,0.0684931506849315,0.136986301369863,0.0958904109589041,0.0547945205479452,0.0273972602739726,0.0958904109589041,0.0410958904109589,0.0136986301369863,0.0,0.0,0.0,0.0138888888888888,0.0,0.0,0.0,0.0,0.0277777777777777,0.0416666666666666,0.0416666666666666,0.0,0.0138888888888888,0.0138888888888888,0.0,0.0,0.0,0.0,0.0416666666666666,0.0,0.0,0.0277777777777777,0.0277777777777777,0.0277777777777777,0.0138888888888888,0.0416666666666666,0.0277777777777777,0.0138888888888888,0.0,0.0416666666666666,0.0416666666666666,0.0,0.0138888888888888,0.0,0.0416666666666666,0.0138888888888888,0.0138888888888888,0.0277777777777777,0.0555555555555555,0.0416666666666666,0.0277777777777777,0.0277777777777777,0.0138888888888888,0.0277777777777777,0.0138888888888888,0.0277777777777777,0.0,0.0138888888888888,0.0,0.0,0.0277777777777777,0.0,0.0277777777777777,0.0277777777777777,0.0277777777777777,0.0138888888888888,0.0,0.0138888888888888,0.0138888888888888,0.0138888888888888,0.0,0.0138888888888888,0.0,0.0,0,0,0.0,0.0,0.0,0.0,0.0,0.0,0.0,0.0,74.0,55.61640647795936,1548.0,10.034866285389912,0.3333333333333333,1.7792530004484446,175.29974329701685,176.496342466663,19.38009461621781,25.982627396042957,55.61640647795936,71.69373104296383,1537.96513371461,31150.95890410959,45.71110364692088,22.85555182346044,2.368915449959687,0.3146084502398724,0.2674537911329979,0.6175346987579347,0.7357990092714947,0.760621455245466,0.7648168914069279,0.766030363213935
0.0684931506849315,0.0136986301369863,0.0547945205479452,0.0273972602739726,0.0547945205479452,0.1095890410958904,0.1232876712328767,0.0410958904109589,0.0273972602739726,0.0958904109589041,0.136986301369863,0.0821917808219178,0.0273972602739726,0.0958904109589041,0.0273972602739726,0.0136986301369863,0.0138888888888888,0.0138888888888888,0.0138888888888888,0.0138888888888888,0.0,0.0138888888888888,0.0,0.0,0.0,0.0416666666666666,0.0138888888888888,0.0,0.0138888888888888,0.0138888888888888,0.0,0.0,0.0277777777777777,0.0,0.0138888888888888,0.0138888888888888,0.0,0.0555555555555555,0.0416666666666666,0.0138888888888888,0.0138888888888888,0.0277777777777777,0.0555555555555555,0.0277777777777777,0.0,0.0277777777777777,0.0138888888888888,0.0,0.0138888888888888,0.0,0.0138888888888888,0.0,0.0277777777777777,0.0277777777777777,0.0138888888888888,0.0277777777777777,0.0138888888888888,0.0277777777777777,0.0416666666666666,0.0555555555555555,0.0138888888888888,0.0416666666666666,0.0138888888888888,0.0138888888888888,0.0138888888888888,0.0,0.0138888888888888,0.0,0.0277777777777777,0.0138888888888888,0.0555555555555555,0.0,0.0,0.0,0.0277777777777777,0.0,0.0,0.0138888888888888,0.0,0.0,0,0,0.0,0.0,0.0,0.0,0.0,0.0,0.0,0.0,74.00000000000003,51.49919492617593,1514.0,8.231218250593244,0.3333333333333332,1.7685701103479587,170.4347382431176,171.59812880162528,29.044034130736534,38.59631904526901,51.49919492617593,70.75326067160478,1505.7687817494068,29445.91780821918,32.156941626335765,16.078470813167883,2.3031721384205075,0.3960601924073899,0.2159807110424831,0.6223037374644688,0.735913656921925,0.760168905332966,0.7649411211545335,0.7657736641360723
0.1095890410958904,0.0273972602739726,0.0547945205479452,0.0958904109589041,0.0684931506849315,0.0136986301369863,0.0821917808219178,0.0410958904109589,0.0273972602739726,0.0684931506849315,0.0410958904109589,0.0821917808219178,0.0958904109589041,0.0958904109589041,0.0273972602739726,0.0684931506849315,0.0416666666666666,0.0138888888888888,0.0277777777777777,0.0277777777777777,0.0138888888888888,0.0,0.0,0.0138888888888888,0.0,0.0,0.0277777777777777,0.0277777777777777,0.0,0.0277777777777777,0.0277777777777777,0.0416666666666666,0.0138888888888888,0.0,0.0,0.0416666666666666,0.0,0.0,0.0,0.0138888888888888,0.0277777777777777,0.0138888888888888,0.0138888888888888,0.0277777777777777,0.0138888888888888,0.0277777777777777,0.0,0.0,0.0138888888888888,0.0138888888888888,0.0,0.0,0.0416666666666666,0.0,0.0138888888888888,0.0138888888888888,0.0,0.0138888888888888,0.0,0.0277777777777777,0.0416666666666666,0.0138888888888888,0.0,0.0277777777777777,0.0416666666666666,0.0,0.0277777777777777,0.0277777777777777,0.0138888888888888,0.0138888888888888,0.0694444444444444,0.0,0.0,0.0277777777777777,0.0,0.0,0.0416666666666666,0.0277777777777777,0.0,0.0,15,9,3.0,12.0,0.25,53.333333333333336,22.22222222222222,15.555555555555555,37.77777777777778,0.411764705882353,73.99999999999996,57.67756058055564,1406.0,3.871764031675939,0.3333333333333335,1.7629291063294987,158.43610699584863,159.51759468377972,26.782611064987883,32.74112878576592,57.67756058055564,87.07925468396373,1402.128235968324,25445.86301369863,54.33812589819781,27.169062949098905,2.1410284729168745,0.3090666590262535,0.3539743168118506,0.6372312350880239,0.7416229090904718,0.7602645830609168,0.764599855726775,0.7657736641360723
0.0273972602739726,0.0547945205479452,0.0821917808219178,0.0684931506849315,0.1095890410958904,0.0410958904109589,0.0547945205479452,0.0410958904109589,0.0410958904109589,0.0547945205479452,0.0821917808219178,0.0958904109589041,0.0684931506849315,0.0958904109589041,0.0410958904109589,0.0410958904109589,0.0,0.0,0.0,0.0277777777777777,0.0277777777777777,0.0,0.0138888888888888,0.0138888888888888,0.0138888888888888,0.0416666666666666,0.0138888888888888,0.0138888888888888,0.0138888888888888,0.0277777777777777,0.0277777777777777,0.0,0.0,0.0416666666666666,0.0277777777777777,0.0277777777777777,0.0138888888888888,0.0138888888888888,0.0138888888888888,0.0,0.0138888888888888,0.0,0.0,0.0416666666666666,0.0138888888888888,0.0277777777777777,0.0,0.0,0.0138888888888888,0.0,0.0138888888888888,0.0138888888888888,0.0138888888888888,0.0138888888888888,0.0,0.0277777777777777,0.0,0.0138888888888888,0.0277777777777777,0.0416666666666666,0.0277777777777777,0.0277777777777777,0.0,0.0416666666666666,0.0138888888888888,0.0138888888888888,0.0416666666666666,0.0,0.0555555555555555,0.0138888888888888,0.0277777777777777,0.0,0.0138888888888888,0.0,0.0277777777777777,0.0,0.0138888888888888,0.0138888888888888,0.0138888888888888,0.0,33,33,0.0,33.0,0.0,54.54545454545454,54.54545454545454,0.0,54.54545454545454,0.0,74.0,50.36466081530252,1372.0,7.168655504111974,0.3333333333333333,1.7699405922467042,156.60779035539707,157.67679792138006,20.523468062384115,29.04544691304948,50.36466081530252,72.90549436661794,1364.831344495888,24861.972602739726,43.86004745356846,21.93002372678423,2.116321491289149,0.4527617521017457,0.2579114771201987,0.6419371385740921,0.7437416178401209,0.761524392858373,0.7653452342124085,0.7659020136750037
0.0595238095238095,0.0476190476190476,0.0595238095238095,0.0357142857142857,0.0357142857142857,0.1071428571428571,0.0833333333333333,0.0357142857142857,0.0714285714285714,0.0476190476190476,0.119047619047619,0.1071428571428571,0.0357142857142857,0.0595238095238095,0.0833333333333333,0.0119047619047619,0.0120481927710843,0.0120481927710843,0.0240963855421686,0.0120481927710843,0.0,0.0120481927710843,0.036144578313253,0.0,0.0,0.0120481927710843,0.0240963855421686,0.0240963855421686,0.0120481927710843,0.0240963855421686,0.0,0.0,0.0120481927710843,0.0240963855421686,0.0,0.0,0.0,0.0602409638554216,0.0240963855421686,0.0240963855421686,0.0240963855421686,0.0120481927710843,0.0240963855421686,0.0120481927710843,0.0,0.0120481927710843,0.0240963855421686,0.0,0.036144578313253,0.0,0.036144578313253,0.0,0.0240963855421686,0.0120481927710843,0.0,0.0120481927710843,0.0240963855421686,0.0240963855421686,0.036144578313253,0.036144578313253,0.0240963855421686,0.0120481927710843,0.0602409638554216,0.0120481927710843,0.0,0.0120481927710843,0.0,0.0240963855421686,0.0120481927710843,0.0240963855421686,0.0240963855421686,0.0,0.0240963855421686,0.0,0.0240963855421686,0.036144578313253,0.0,0.0120481927710843,0.0,0.0,0,0,0.0,0.0,0.0,0.0,0.0,0.0,0.0,0.0,84.99999999999997,56.89534349902105,1929.0,13.875388202501895,0.3333333333333334,1.935765049661637,203.77438504385188,204.98373919248647,32.803504744658454,38.87896071460029,56.89534349902105,80.1667968927247,1915.124611797498,42018.333333333336,41.287836178124415,20.643918089062208,2.397345706398258,0.4137613738095322,0.255657820567542,0.6292687099371937,0.7412093942626051,0.7613209088484222,0.7654652697553949,0.7663911868350431
0.0416666666666666,0.0138888888888888,0.1111111111111111,0.0277777777777777,0.0972222222222222,0.0555555555555555,0.0416666666666666,0.0694444444444444,0.0277777777777777,0.1111111111111111,0.0972222222222222,0.0694444444444444,0.0416666666666666,0.0833333333333333,0.0416666666666666,0.0694444444444444,0.0,0.0,0.028169014084507,0.0140845070422535,0.0,0.0,0.0,0.0140845070422535,0.0140845070422535,0.0422535211267605,0.028169014084507,0.028169014084507,0.0140845070422535,0.0140845070422535,0.0,0.0,0.028169014084507,0.0,0.0422535211267605,0.0140845070422535,0.028169014084507,0.0140845070422535,0.0,0.0140845070422535,0.0140845070422535,0.028169014084507,0.0,0.0,0.0,0.028169014084507,0.0140845070422535,0.028169014084507,0.0,0.0140845070422535,0.0140845070422535,0.0,0.028169014084507,0.028169014084507,0.0140845070422535,0.0422535211267605,0.0,0.0422535211267605,0.0140845070422535,0.0422535211267605,0.0,0.028169014084507,0.0140845070422535,0.028169014084507,0.0140845070422535,0.0,0.028169014084507,0.0,0.0422535211267605,0.0140845070422535,0.028169014084507,0.0,0.0,0.0,0.0422535211267605,0.0,0.028169014084507,0.0140845070422535,0.0140845070422535,0.0140845070422535,0,0,0.0,0.0,0.0,0.0,0.0,0.0,0.0,0.0,73.00000000000004,54.60426244778847,1359.0,9.875020774660197,0.3333333333333331,1.7186545386109973,154.2400726140908,155.30749069721867,22.65190468716218,37.0139025014064,54.60426244778847,72.88425883480107,1349.1249792253398,24120.416666666668,35.870356333394675,17.935178166697337,2.1128777070423386,0.3578007434858599,0.2646126468038793,0.6385356044030994,0.7411418726520015,0.7615226048264387,0.7647144019116502,0.7658353715898868
